date,mean_ozone,max_ozone,min_ozone
2013-05-09,29.18840579710145,159,0
2013-05-10,36.94202898550725,138,0
2013-05-11,38.072463768115945,132,0
2013-05-12,37.44927536231884,115,0
2013-05-13,29.536231884057973,110,0
2013-05-14,23.202898550724637,76,0
2013-05-15,22.579710144927535,88,0
2013-05-16,29.18840579710145,111,0
2013-05-17,37.79710144927536,51,21
2013-05-18,27.92753623188406,43,11
2013-05-19,27.492753623188406,58,0
2013-05-20,24.56923076923077,91,0
2013-05-21,30.507246376811594,80,0
2013-05-22,19.44927536231884,59,0
2013-05-23,23.159420289855074,43,0
2013-05-24,21.855072463768117,42,4
2013-05-25,32.79710144927536,64,0
2013-05-26,31.956521739130434,81,0
2013-05-27,7.27536231884058,28,0
2013-05-28,3.420289855072464,14,0
2013-05-29,11.81159420289855,29,0
2013-05-30,21.159420289855074,39,0
2013-05-31,23.231884057971016,47,0
2013-06-01,28.594202898550726,99,0
2013-06-02,14.420289855072463,42,0
2013-06-03,18.91304347826087,47,0
2013-06-04,18.565217391304348,58,0
2013-06-05,21.115942028985508,106,0
2013-06-06,22.36231884057971,77,0
2013-06-07,42.36231884057971,101,0
2013-06-08,56.68115942028985,131,0
2013-06-09,48.706896551724135,96,2
2013-06-10,26.761904761904763,77,0
2013-06-11,20.782608695652176,64,0
2013-06-12,28.043478260869566,69,0
2013-06-13,31.691176470588236,105,1
2013-06-14,39.6231884057971,113,1
2013-06-15,45.30434782608695,65,1
2013-06-16,29.91304347826087,56,0
2013-06-17,24.59090909090909,46,0
2013-06-18,25.217391304347824,68,0
2013-06-19,26.18840579710145,86,0
2013-06-20,24.130434782608695,68,0
2013-06-21,33.927536231884055,60,1
2013-06-22,30.768115942028984,73,2
2013-06-23,31.347826086956523,53,3
2013-06-24,17.652173913043477,39,0
2013-06-25,4.391304347826087,26,0
2013-06-26,6.043478260869565,23,0
2013-06-27,8.36231884057971,36,0
2013-06-28,17.27536231884058,71,0
2013-06-29,28.768115942028984,84,0
2013-06-30,21.93846153846154,47,0
2013-07-01,28.137254901960784,49,2
2013-07-02,37.608695652173914,57,14
2013-07-03,26.642857142857142,65,0
2013-07-04,17.391304347826086,57,0
2013-07-05,20.6231884057971,73,0
2013-07-06,25.18840579710145,91,0
2013-07-07,32.666666666666664,98,0
2013-07-08,33.231884057971016,58,0
2013-07-09,35.89855072463768,49,21
2013-07-10,32.11594202898551,65,2
2013-07-11,21.246376811594203,63,0
2013-07-12,25.91304347826087,78,0
2013-07-13,28.202898550724637,90,0
2013-07-14,34.31884057971015,100,0
2013-07-15,28.3768115942029,67,0
2013-07-16,28.47826086956522,79,0
2013-07-17,28.391304347826086,99,0
2013-07-18,31.652173913043477,95,0
2013-07-19,19.159420289855074,72,0
2013-07-20,30.720588235294116,73,0
2013-07-21,39.21739130434783,91,0
2013-07-22,20.536231884057973,56,0
2013-07-23,23.850746268656717,49,5
2013-07-24,27.971014492753625,48,2
2013-07-25,26.73913043478261,53,1
2013-07-26,34.46376811594203,57,0
2013-07-27,36.69565217391305,68,0
2013-07-28,42.68115942028985,147,0
2013-07-29,25.81159420289855,82,0
2013-07-30,20.333333333333332,85,0
2013-07-31,23.985507246376812,113,0
2013-08-01,34.40909090909091,134,0
2013-08-02,36.46376811594203,118,0
2013-08-03,63.56521739130435,155,0
2013-08-04,49.3768115942029,128,0
2013-08-05,34.74626865671642,85,0
2013-08-06,27.652173913043477,69,0
2013-08-07,33.405797101449274,106,0
2013-08-08,37.10144927536232,113,0
2013-08-09,31.565217391304348,123,0
2013-08-10,48.20289855072464,119,0
2013-08-11,35.55072463768116,70,7
2013-08-12,29.73913043478261,82,0
2013-08-13,32.193548387096776,103,0
2013-08-14,38.76923076923077,55,21
2013-08-15,38.56521739130435,65,11
2013-08-16,35.97014925373134,64,0
2013-08-17,39.028985507246375,60,19
2013-08-18,40.04347826086956,55,17
2013-08-19,32.91304347826087,70,1
2013-08-20,32.7536231884058,98,1
2013-08-21,34.028985507246375,97,0
2013-08-22,24.014492753623188,72,0
2013-08-23,38.88405797101449,107,0
2013-08-24,41.04347826086956,113,0
2013-08-25,45.91304347826087,152,0
2013-08-26,26,128,0
2013-08-27,17.202898550724637,34,0
2013-08-28,33.88405797101449,52,0
2013-08-29,40.43478260869565,95,1
2013-08-30,37.391304347826086,144,0
2013-08-31,47.72463768115942,173,0
2013-09-01,78.26086956521739,185,0
2013-09-02,53.289855072463766,149,0
2013-09-03,29.28985507246377,77,0
2013-09-04,29.942028985507246,51,0
2013-09-05,33.18840579710145,53,14
2013-09-06,40.85507246376812,82,10
2013-09-07,50.971014492753625,136,1
2013-09-08,55.072463768115945,128,1
2013-09-09,51.82608695652174,132,0
2013-09-10,41.79710144927536,128,0
2013-09-11,40.470588235294116,109,0
2013-09-12,40.89855072463768,127,0
2013-09-13,54.11594202898551,184,0
2013-09-14,55.08695652173913,175,0
2013-09-15,57.95652173913044,144,0
2013-09-16,46.741379310344826,88,0
2013-09-17,23.921875,64,0
2013-09-18,28.507246376811594,50,9
2013-09-19,23.43103448275862,47,3
2013-09-20,33.53623188405797,169,0
2013-09-21,51.6231884057971,119,0
2013-09-22,43.391304347826086,94,0
2013-09-23,33.028985507246375,77,0
2013-09-24,18.63768115942029,41,0
2013-09-25,41.289855072463766,58,5
2013-09-26,45.588235294117645,65,26
2013-09-27,42.6231884057971,66,3
2013-09-28,60.65217391304348,168,19
2013-09-29,33.710144927536234,93,0
2013-09-30,8.46376811594203,41,0
2013-10-01,44.36231884057971,105,0
2013-10-02,41.36231884057971,95,14
2013-10-03,18.130434782608695,41,0
2013-10-04,30.434782608695652,67,0
2013-10-05,46.7536231884058,73,1
2013-10-06,47.12068965517241,82,1
2013-10-07,38.09375,56,14
2013-10-08,43.869565217391305,58,20
2013-10-09,48.768115942028984,101,10
2013-10-10,47.231884057971016,97,3
2013-10-11,46.405797101449274,102,2
2013-10-12,35.46376811594203,98,0
2013-10-13,51.04347826086956,116,0
2013-10-14,60.594202898550726,164,0
2013-10-15,50.43478260869565,109,17
2013-10-16,35.46376811594203,63,4
2013-10-17,40.5735294117647,84,0
2013-10-18,33.130434782608695,94,0
2013-10-19,61.44927536231884,168,1
2013-10-20,63.83582089552239,129,3
2013-10-21,61.57971014492754,142,0
2013-10-22,49.78260869565217,98,3
2013-10-23,43.583333333333336,155,0
2013-10-24,56.317460317460316,164,0
2013-10-25,50.38235294117647,68,25
2013-10-26,48.85507246376812,139,1
2013-10-27,42.72463768115942,107,1
2013-10-28,46.56521739130435,69,30
2013-10-29,30.63768115942029,44,11
2013-10-30,37.31884057971015,86,4
2013-10-31,32.64705882352941,49,11
2013-11-01,34.333333333333336,63,10
2013-11-02,65.59420289855072,151,24
2013-11-03,72.30882352941177,172,5
2013-11-04,27.92753623188406,63,0
2013-11-05,33.69565217391305,47,9
2013-11-06,23.608695652173914,31,14
2013-11-07,24.594202898550726,44,6
2013-11-08,39.30434782608695,95,0
2013-11-09,62.57971014492754,200,1
2013-11-10,64.33333333333333,165,0
2013-11-11,64.23188405797102,139,2
2013-11-12,55.63768115942029,98,0
2013-11-13,50.36231884057971,69,22
2013-11-14,38.470588235294116,69,3
2013-11-15,60.203125,165,3
2013-11-16,46.47826086956522,110,0
2013-11-17,36.37931034482759,58,13
2013-11-18,43.11594202898551,102,13
2013-11-19,35.63768115942029,127,0
2013-11-20,48.768115942028984,122,0
2013-11-21,48.3768115942029,132,0
2013-11-22,38.130434782608695,99,0
2013-11-23,35.09803921568628,46,22
2013-11-24,26.515625,44,2
2013-11-25,21.840579710144926,44,0
2013-11-26,25.956521739130434,64,1
2013-11-27,43.028985507246375,148,2
2013-11-28,60.94202898550725,172,0
2013-11-29,60.20289855072464,164,20
2013-11-30,33.56521739130435,48,20
2013-12-01,29.405797101449274,46,12
2013-12-02,40.14492753623188,111,0
2013-12-03,47.75409836065574,124,0
2013-12-04,60.19565217391305,147,1
2013-12-05,53.47826086956522,140,1
2013-12-06,40.96875,95,0
2013-12-07,48.84057971014493,149,8
2013-12-08,61.65217391304348,154,25
2013-12-09,61.94202898550725,137,15
2013-12-10,39.69565217391305,92,0
2013-12-11,37.10144927536232,56,24
2013-12-12,26.217391304347824,38,13
2013-12-13,25.869565217391305,51,7
2013-12-14,58.01449275362319,192,5
2013-12-15,57.52173913043478,150,2
2013-12-16,37.609375,81,3
2013-12-17,31.854545454545455,62,4
2013-12-18,41,91,8
2013-12-19,39,73,10
2013-12-20,39.15942028985507,88,10
2013-12-21,32.88405797101449,71,10
2013-12-22,41.42028985507246,96,6
2013-12-23,32.25,101,10
2013-12-24,36.710144927536234,139,4
2013-12-25,37.44927536231884,119,0
2013-12-26,47.04347826086956,198,0
2013-12-27,60.95652173913044,255,1
2013-12-28,46.289855072463766,120,0
2013-12-29,43.911764705882355,80,1
2013-12-30,39.594202898550726,86,0
2013-12-31,38.56521739130435,84,3
2014-01-01,37.05797101449275,70,11
2014-01-02,43.927536231884055,112,2
2014-01-03,54.983333333333334,161,0
2014-01-04,40.76923076923077,83,10
2014-01-05,38.875,79,18
2014-01-06,52.26086956521739,137,9
2014-01-07,59.57971014492754,173,11
2014-01-08,73.95652173913044,154,3
2014-01-09,76.47826086956522,144,2
2014-01-10,56.65079365079365,181,0
2014-01-11,42.359375,165,0
2014-01-12,67.23188405797102,158,7
2014-01-13,38.53623188405797,120,0
2014-01-14,54.25396825396825,184,0
2014-01-15,62.01587301587302,176,1
2014-01-16,38.48529411764706,117,0
2014-01-17,42.45762711864407,161,0
2014-01-18,41.953125,116,2
2014-01-19,51.130434782608695,143,0
2014-01-20,61.68115942028985,176,0
2014-01-21,60.55072463768116,147,2
2014-01-22,52.289855072463766,142,0
2014-01-23,39.63461538461539,120,0
2014-01-24,58.53191489361702,160,0
2014-01-25,84.8125,201,0
2014-01-26,77.80701754385964,143,40
2014-01-27,78.54347826086956,210,18
2014-01-28,69.22222222222223,170,7
2014-01-29,66.36,206,1
2014-01-30,63.21875,257,2
2014-01-31,84.95652173913044,258,3
2014-02-01,92.21739130434783,210,2
2014-02-02,65.65217391304348,163,4
2014-02-03,65.36363636363636,175,1
2014-02-04,64.21666666666667,174,2
2014-02-05,69.4927536231884,163,0
2014-02-06,71.46376811594203,237,3
2014-02-07,68.57971014492753,246,0
2014-02-08,83.40579710144928,198,0
2014-02-09,79.55072463768116,172,2
2014-02-10,75.34782608695652,176,0
2014-02-11,69.94202898550725,204,1
2014-02-12,62.65217391304348,147,2
2014-02-13,66.16949152542372,211,0
2014-02-14,68.04477611940298,162,1
2014-02-15,46.36538461538461,63,20
2014-02-16,49.15217391304348,79,29
2014-02-17,41.828125,70,17
2014-02-18,23.666666666666668,44,6
2014-02-19,23.956521739130434,54,0
2014-02-20,41.10144927536232,182,2
2014-02-21,50.47826086956522,125,1
2014-02-22,60.91304347826087,143,0
2014-02-23,52.405797101449274,87,17
2014-02-24,30.231884057971016,97,0
2014-02-25,26.333333333333332,125,0
2014-02-26,48.90384615384615,171,0
2014-02-27,65.078125,152,0
2014-02-28,36.73913043478261,95,0
2014-03-01,43.710144927536234,86,9
2014-03-02,56.21739130434783,115,17
2014-03-03,47.17391304347826,93,12
2014-03-04,47.09230769230769,141,3
2014-03-05,13.981818181818182,36,0
2014-03-06,35.17391304347826,106,0
2014-03-07,47.125,108,10
2014-03-08,31.333333333333332,87,1
2014-03-09,38.43478260869565,69,0
2014-03-10,40.17391304347826,95,1
2014-03-11,34.608695652173914,75,0
2014-03-12,48.5,126,3
2014-03-13,49.666666666666664,89,0
2014-03-14,41.78787878787879,108,2
2014-03-15,60.048780487804876,143,0
2014-03-16,59.642857142857146,130,0
2014-03-17,50.86666666666667,123,0
2014-03-18,59.630434782608695,165,0
2014-03-19,52.869565217391305,164,0
2014-03-20,31.6046511627907,96,0
2014-03-21,22.58,76,0
2014-03-22,23.130434782608695,65,0
2014-03-23,34.84057971014493,42,25
2014-03-24,27.81159420289855,38,9
2014-03-25,27.63768115942029,51,0
2014-03-26,28.043478260869566,55,1
2014-03-27,28.681159420289855,71,0
2014-03-28,30.691176470588236,95,1
2014-03-29,45.7536231884058,150,6
2014-03-30,32.9,91,0
2014-03-31,29.81967213114754,106,0
2014-04-01,37.21666666666667,115,0
2014-04-02,24.041666666666668,49,0
2014-04-03,27.08695652173913,65,2
2014-04-04,18.25862068965517,30,4
2014-04-05,32.56521739130435,102,0
2014-04-06,52.869565217391305,167,0
2014-04-07,42.78260869565217,162,0
2014-04-08,48.710144927536234,229,0
2014-04-09,29.884057971014492,137,0
2014-04-10,30.579710144927535,105,0
2014-04-11,42.81159420289855,125,0
2014-04-12,40.36231884057971,99,0
2014-04-13,37.666666666666664,115,8
2014-04-14,32.10144927536232,44,20
2014-04-15,15.46376811594203,37,2
2014-04-16,17.602941176470587,30,1
2014-04-17,27.028985507246375,82,2
2014-04-18,38.507246376811594,102,0
2014-04-19,47.85507246376812,154,0
2014-04-20,41.768115942028984,119,1
2014-04-21,37.78260869565217,72,4
2014-04-22,14.753623188405797,38,0
2014-04-23,22.536231884057973,101,0
2014-04-24,24.971014492753625,38,1
2014-04-25,29.91304347826087,55,5
2014-04-26,28.08695652173913,54,0
2014-04-27,32.072463768115945,64,3
2014-04-28,25.159420289855074,41,0
2014-04-29,25.043478260869566,71,0
2014-04-30,24.130434782608695,79,0
2014-05-01,26.41176470588235,58,0
2014-05-02,26.434782608695652,89,0
2014-05-03,44.074074074074076,112,3
2014-05-04,36.1875,118,0
2014-05-05,39.81159420289855,122,0
2014-05-06,33.3768115942029,124,0
2014-05-07,21.231884057971016,78,0
2014-05-08,30.159420289855074,104,0
2014-05-09,26.695652173913043,51,0
2014-05-10,38.30434782608695,58,4
2014-05-11,33.57971014492754,44,19
2014-05-12,29.91304347826087,74,0
2014-05-13,26.81159420289855,88,0
2014-05-14,38.15942028985507,112,0
2014-05-15,34.492753623188406,104,0
2014-05-16,46.39705882352941,171,0
2014-05-17,38.608695652173914,52,4
2014-05-18,33.57971014492754,100,2
2014-05-19,26.681159420289855,94,0
2014-05-20,27.434782608695652,95,0
2014-05-21,24.391304347826086,89,0
2014-05-22,27.123076923076923,80,0
2014-05-23,15.109375,42,0
2014-05-24,30.347826086956523,45,11
2014-05-25,14.840579710144928,37,0
2014-05-26,9.63768115942029,33,0
2014-05-27,13.956521739130435,43,0
2014-05-28,28.594202898550726,44,5
2014-05-29,19.4,41,0
2014-05-30,19.50793650793651,58,0
2014-05-31,24.07246376811594,76,0
2014-06-01,19.532258064516128,44,0
2014-06-02,27.982456140350877,44,1
2014-06-03,25.80597014925373,71,0
2014-06-04,22.61904761904762,69,0
2014-06-05,17.52542372881356,61,0
2014-06-06,9.775862068965518,36,0
2014-06-07,22.803571428571427,79,0
2014-06-08,33.088235294117645,73,1
2014-06-09,25.956521739130434,71,0
2014-06-10,30.608695652173914,40,15
2014-06-11,21.19402985074627,40,2
2014-06-12,28.2,82,1
2014-06-13,18.59090909090909,68,0
2014-06-14,22.432835820895523,85,0
2014-06-15,36.91304347826087,59,0
2014-06-16,31.784615384615385,92,0
2014-06-17,37.927536231884055,124,0
2014-06-18,32.56521739130435,101,0
2014-06-19,38.57971014492754,48,19
2014-06-20,25.91304347826087,41,4
2014-06-21,27.565217391304348,41,5
2014-06-22,33.47826086956522,82,0
2014-06-23,24.666666666666668,75,0
2014-06-24,22.565217391304348,86,0
2014-06-25,20.942028985507246,91,0
2014-06-26,22.681159420289855,92,0
2014-06-27,25.608695652173914,109,0
2014-06-28,35,133,0
2014-06-29,27.130434782608695,69,1
2014-06-30,21.855072463768117,62,0
2014-07-01,23.647058823529413,82,0
2014-07-02,22.934782608695652,98,0
2014-07-03,27.5,104,0
2014-07-04,29.347826086956523,121,0
2014-07-05,30.130434782608695,92,0
2014-07-06,24.08695652173913,63,0
2014-07-07,9.24390243902439,35,0
2014-07-08,23.108695652173914,41,0
2014-07-09,29.82608695652174,50,8
2014-07-10,24.08695652173913,43,1
2014-07-11,31.26086956521739,48,12
2014-07-12,22.392857142857142,39,0
2014-07-13,29.10144927536232,65,0
2014-07-14,29.043478260869566,63,0
2014-07-15,24.405797101449274,63,0
2014-07-16,21.681159420289855,84,0
2014-07-17,24.304347826086957,101,0
2014-07-18,25.52173913043478,60,0
2014-07-19,45.48529411764706,94,10
2014-07-20,40.220588235294116,66,9
2014-07-21,28.611940298507463,79,0
2014-07-22,28.333333333333332,86,0
2014-07-23,33.85507246376812,102,0
2014-07-24,21.246376811594203,54,0
2014-07-25,19.07246376811594,33,1
2014-07-26,16.434782608695652,33,0
2014-07-27,31.92753623188406,49,6
2014-07-28,33.6,52,15
2014-07-29,24.347826086956523,45,1
2014-07-30,26.130434782608695,84,0
2014-07-31,20.043478260869566,78,0
2014-08-01,28.176470588235293,108,0
2014-08-02,37.15384615384615,110,0
2014-08-03,38.14705882352941,115,0
2014-08-04,36.35294117647059,108,0
2014-08-05,42.95652173913044,60,10
2014-08-06,30,73,0
2014-08-07,32.46376811594203,114,0
2014-08-08,30.434782608695652,60,0
2014-08-09,32.30882352941177,47,10
2014-08-10,41.52173913043478,108,0
2014-08-11,34.26086956521739,127,0
2014-08-12,35.507246376811594,130,0
2014-08-13,35.91304347826087,55,0
2014-08-14,32.2463768115942,56,8
2014-08-15,21.869565217391305,44,2
2014-08-16,21.203125,45,0
2014-08-17,34.983333333333334,94,0
2014-08-18,34.333333333333336,175,0
2014-08-19,36.35294117647059,59,0
2014-08-20,35.95652173913044,88,0
2014-08-21,50.42028985507246,132,0
2014-08-22,43.32727272727273,180,0
2014-08-23,59,197,0
2014-08-24,55.19565217391305,132,0
2014-08-25,36.04651162790697,136,0
2014-08-26,22.044444444444444,79,0
2014-08-27,26.717391304347824,74,0
2014-08-28,29.891304347826086,52,6
2014-08-29,30.282608695652176,45,14
2014-08-30,34.80434782608695,96,0
2014-08-31,40.608695652173914,119,2
2014-09-01,32.54347826086956,103,0
2014-09-02,34.67391304347826,105,0
2014-09-03,37.08695652173913,90,0
2014-09-04,34.19565217391305,57,15
2014-09-05,30.42222222222222,59,1
2014-09-06,44.97826086956522,130,0
2014-09-07,65.1304347826087,168,0
2014-09-08,53.21739130434783,132,6
2014-09-09,39.84782608695652,118,0
2014-09-10,44.453125,130,0
2014-09-11,55.23809523809524,162,0
2014-09-12,67.3623188405797,131,34
2014-09-13,68.3623188405797,202,14
2014-09-14,58.6231884057971,182,0
2014-09-15,51.289855072463766,158,0
2014-09-16,39.81159420289855,71,0
2014-09-17,40.927536231884055,61,25
2014-09-18,39.95454545454545,104,13
2014-09-19,29.23913043478261,64,0
2014-09-20,40.17391304347826,86,6
2014-09-21,46.78260869565217,58,36
2014-09-22,38.20338983050848,56,14
2014-09-23,49.26086956521739,175,0
2014-09-24,51.04347826086956,140,0
2014-09-25,37.68115942028985,117,0
2014-09-26,22.863636363636363,80,0
2014-09-27,34.63768115942029,58,0
2014-09-28,47.07692307692308,79,16
2014-09-29,26.925925925925927,96,0
2014-09-30,56.19512195121951,142,0
2014-10-01,61.5,119,3
2014-10-02,45.710144927536234,66,25
2014-10-03,38.94202898550725,57,14
2014-10-04,43.63768115942029,57,30
2014-10-05,45.34782608695652,59,27
2014-10-06,48.57971014492754,104,2
2014-10-07,36.971014492753625,110,1
2014-10-08,51.01449275362319,195,0
2014-10-09,59.31884057971015,174,0
2014-10-10,67.46376811594203,168,0
2014-10-11,66.01449275362319,254,0
2014-10-12,75.18840579710145,187,0
2014-10-13,97,226,0
2014-10-14,92.31884057971014,347,18
2014-10-15,66.8840579710145,103,44
2014-10-16,84.01449275362319,308,8
2014-10-17,82.20289855072464,220,24
2014-10-18,63.46376811594203,171,3
2014-10-19,79.66666666666667,178,0
2014-10-20,54.492753623188406,92,16
2014-10-21,37.56521739130435,57,25
2014-10-22,31.81159420289855,43,13
2014-10-23,51.971014492753625,168,8
2014-10-24,68.16417910447761,195,6
2014-10-25,53.98550724637681,152,5
2014-10-26,47.98529411764706,146,1
2014-10-27,39.98550724637681,79,2
2014-10-28,40.7536231884058,109,0
2014-10-29,59.78260869565217,175,2
2014-10-30,71,163,0
2014-10-31,72.40579710144928,178,2
2014-11-01,53.044117647058826,132,1
2014-11-02,60.971014492753625,122,0
2014-11-03,57.032786885245905,132,1
2014-11-04,27.333333333333332,73,0
2014-11-05,31.216666666666665,61,5
2014-11-06,40.710144927536234,131,9
2014-11-07,48.81967213114754,141,2
2014-11-08,57.82608695652174,117,25
2014-11-09,58.67391304347826,90,40
2014-11-10,55.02173913043478,97,17
2014-11-11,57.41304347826087,142,4
2014-11-12,45.19565217391305,133,1
2014-11-13,52.65217391304348,135,2
2014-11-14,52.56521739130435,75,36
2014-11-15,50.608695652173914,73,31
2014-11-16,43.15217391304348,78,28
2014-11-17,37.97826086956522,73,1
2014-11-18,51.76086956521739,121,12
2014-11-19,67.41304347826087,184,7
2014-11-20,65.93478260869566,158,2
2014-11-21,69.8913043478261,182,9
2014-11-22,41.56521739130435,109,1
2014-11-23,48.19565217391305,94,2
2014-11-24,44.369565217391305,106,9
2014-11-25,45.93478260869565,130,7
2014-11-26,32.41379310344828,80,0
2014-11-27,39.072463768115945,70,20
2014-11-28,33,64,1
2014-11-29,26.768115942028984,47,7
2014-11-30,44.666666666666664,155,7
2014-12-01,43.73913043478261,125,0
2014-12-02,39.10144927536232,96,0
2014-12-03,46.95652173913044,99,0
2014-12-04,28.884057971014492,61,0
2014-12-05,35.57971014492754,51,19
2014-12-06,38.289855072463766,86,8
2014-12-07,50,151,0
2014-12-08,58.31884057971015,199,3
2014-12-09,30.405797101449274,97,0
2014-12-10,20.318840579710145,81,0
2014-12-11,25.391304347826086,105,0
2014-12-12,20.91044776119403,103,0
2014-12-13,19.942028985507246,51,0
2014-12-14,27.942028985507246,84,0
2014-12-15,31.884057971014492,66,6
2014-12-16,32.710144927536234,81,0
2014-12-17,57.05797101449275,157,0
2014-12-18,73.01449275362319,256,0
2014-12-19,60.70967741935484,215,0
2014-12-20,44.47826086956522,98,2
2014-12-21,42.130434782608695,78,14
2014-12-22,28.64406779661017,71,4
2014-12-23,28.594202898550726,45,7
2014-12-24,32.30434782608695,48,14
2014-12-25,40.46376811594203,145,7
2014-12-26,57.73913043478261,201,5
2014-12-27,67.7536231884058,189,0
2014-12-28,68.44615384615385,151,0
2014-12-29,59.78431372549019,97,2
2014-12-30,55.19047619047619,115,8
2014-12-31,60,112,10
2015-01-01,51.96825396825397,89,5
2015-01-02,45.71739130434783,91,0
2015-01-03,45.24242424242424,92,20
2015-01-04,41.27536231884058,111,7
2015-01-05,49.3768115942029,145,9
2015-01-06,58.96969696969697,170,1
2015-01-07,63.65217391304348,181,1
2015-01-08,63.289855072463766,172,0
2015-01-09,72.05882352941177,175,0
2015-01-10,67.30434782608695,171,0
2015-01-11,71.56521739130434,144,1
2015-01-12,76.58333333333333,222,5
2015-01-13,79.95652173913044,168,0
2015-01-14,81.05357142857143,195,29
2015-01-15,80.6086956521739,163,1
2015-01-16,72.95652173913044,187,21
2015-01-17,95.81159420289855,245,1
2015-01-18,87.95652173913044,187,24
2015-01-19,78.9090909090909,201,19
2015-01-20,97.6086956521739,258,3
2015-01-21,65.25925925925925,164,7
2015-01-22,37.640625,58,13
2015-01-23,31.753623188405797,115,1
2015-01-24,41.529411764705884,130,0
2015-01-25,69.71739130434783,129,17
2015-01-26,61.97826086956522,142,4
2015-01-27,60.73913043478261,129,0
2015-01-28,55.41304347826087,142,1
2015-01-29,49.41304347826087,104,5
2015-01-30,28.155172413793103,52,2
2015-01-31,26.96825396825397,47,12
2015-02-01,31.23728813559322,69,12
2015-02-02,27.442622950819672,66,3
2015-02-03,75.46376811594203,247,3
2015-02-04,42.971014492753625,86,5
2015-02-05,23.043478260869566,48,0
2015-02-06,28.303030303030305,86,0
2015-02-07,47.710144927536234,180,0
2015-02-08,49.27536231884058,157,2
2015-02-09,59.73913043478261,176,1
2015-02-10,28.507246376811594,109,0
2015-02-11,44.544117647058826,109,0
2015-02-12,59.594202898550726,204,0
2015-02-13,51.25,139,1
2015-02-14,53.78260869565217,160,0
2015-02-15,39.68181818181818,124,3
2015-02-16,44.84126984126984,98,5
2015-02-17,40.608695652173914,85,6
2015-02-18,28.202898550724637,67,2
2015-02-19,31.880597014925375,92,0
2015-02-20,41.26086956521739,100,0
2015-02-21,52.57971014492754,120,0
2015-02-22,59.30434782608695,113,19
2015-02-23,56.65217391304348,160,5
2015-02-24,48.69565217391305,127,2
2015-02-25,23.6875,109,0
2015-02-26,47.405797101449274,179,0
2015-02-27,37.92537313432836,127,0
2015-02-28,33.254901960784316,62,0
2015-03-01,33.45652173913044,59,10
2015-03-02,48.241379310344826,122,8
2015-03-03,50.78260869565217,170,1
2015-03-04,60.109375,218,1
2015-03-05,65.24561403508773,200,0
2015-03-06,40.85507246376812,154,0
2015-03-07,38.84057971014493,87,8
2015-03-08,40.08695652173913,78,4
2015-03-09,21.347826086956523,63,0
2015-03-10,22.608695652173914,77,0
2015-03-11,24.971014492753625,74,0
2015-03-12,19.057971014492754,88,0
2015-03-13,25.07246376811594,76,0
2015-03-14,38.69117647058823,105,0
2015-03-15,26.043478260869566,123,0
2015-03-16,34.3768115942029,179,0
2015-03-17,42.21739130434783,109,0
2015-03-18,28.36231884057971,70,0
2015-03-19,26.28985507246377,78,0
2015-03-20,30.594202898550726,104,0
2015-03-21,19.318840579710145,79,0
2015-03-22,32.14492753623188,66,0
2015-03-23,34.08695652173913,61,10
2015-03-24,28.17391304347826,80,0
2015-03-25,34.391304347826086,96,0
2015-03-26,50.492753623188406,112,0
2015-03-27,61.69565217391305,205,0
2015-03-28,56.08695652173913,128,4
2015-03-29,35.07575757575758,111,0
2015-03-30,17.27536231884058,47,0
2015-03-31,28.492753623188406,70,0
2015-04-01,47,118,0
2015-04-02,36.95,95,4
2015-04-03,41.65573770491803,85,3
2015-04-04,54.69565217391305,119,10
2015-04-05,31.130434782608695,71,0
2015-04-06,31.246376811594203,55,2
2015-04-07,33.5,48,13
2015-04-08,30.369565217391305,72,4
2015-04-09,40.91304347826087,114,0
2015-04-10,40.651162790697676,114,2
2015-04-11,55.47826086956522,132,5
2015-04-12,53.34782608695652,164,0
2015-04-13,57,100,30
2015-04-14,62.34782608695652,164,5
2015-04-15,38.71739130434783,103,0
2015-04-16,29.47826086956522,75,0
2015-04-17,37.95652173913044,94,1
2015-04-18,43.78260869565217,101,5
2015-04-19,50.26086956521739,101,4
2015-04-20,32.369565217391305,98,0
2015-04-21,28.543478260869566,72,0
2015-04-22,18.956521739130434,40,2
2015-04-23,22.934782608695652,63,1
2015-04-24,31.97826086956522,80,3
2015-04-25,36.8,50,12
2015-04-26,35.57971014492754,59,18
2015-04-27,31.63768115942029,100,0
2015-04-28,44,107,1
2015-04-29,32.65217391304348,54,3
2015-04-30,31.242424242424242,47,11
2015-05-01,34.98550724637681,79,6
2015-05-02,36.971014492753625,109,0
2015-05-03,25.681159420289855,60,0
2015-05-04,18.942028985507246,44,0
2015-05-05,32.08695652173913,49,12
2015-05-06,19.608695652173914,41,0
2015-05-07,28.52173913043478,58,0
2015-05-08,31.63768115942029,52,5
2015-05-09,40.27536231884058,105,0
2015-05-10,22.608695652173914,67,0
2015-05-11,12.376811594202898,38,0
2015-05-12,23.16417910447761,49,0
2015-05-13,29.27536231884058,49,2
2015-05-14,13.397058823529411,36,0
2015-05-15,15.626865671641792,52,0
2015-05-16,28.753623188405797,112,0
2015-05-17,32.01449275362319,71,1
2015-05-18,22.26086956521739,56,1
2015-05-19,19.130434782608695,45,0
2015-05-20,23.115942028985508,78,0
2015-05-21,24,68,0
2015-05-22,22.08695652173913,77,0
2015-05-23,22.217391304347824,74,0
2015-05-24,29.695652173913043,84,0
2015-05-25,27.691176470588236,86,0
2015-05-26,30.26086956521739,81,5
2015-05-27,33.125,88,0
2015-05-28,8.021739130434783,20,0
2015-05-29,17.19298245614035,44,0
2015-05-30,23.181818181818183,68,0
2015-05-31,12.072463768115941,28,0
2015-06-01,19.985507246376812,40,0
2015-06-02,20.255555555555556,44,4
2015-06-03,17.08695652173913,71,0
2015-06-04,24.119565217391305,124,0
2015-06-05,14.684782608695652,59,0
2015-06-06,18.02173913043478,71,0
2015-06-07,20.26086956521739,70,0
2015-06-08,23.043956043956044,79,0
2015-06-09,28.717391304347824,107,0
2015-06-10,24.402173913043477,90,0
2015-06-11,29.08695652173913,98,0
2015-06-12,20.619565217391305,49,0
2015-06-13,30.97826086956522,97,0
2015-06-14,33.42391304347826,85,0
2015-06-15,20.402173913043477,47,0
2015-06-16,23.141304347826086,44,0
2015-06-17,15.934782608695652,53,0
2015-06-18,33.75,82,0
2015-06-19,41.06521739130435,55,24
2015-06-20,35.41573033707865,57,2
2015-06-21,25.01086956521739,70,0
2015-06-22,16.706521739130434,69,0
2015-06-23,29.804347826086957,70,0
2015-06-24,41.641304347826086,58,20
2015-06-25,33.53260869565217,53,13
2015-06-26,28.532608695652176,58,1
2015-06-27,27.434782608695652,70,0
2015-06-28,27.880434782608695,81,0
2015-06-29,19.358695652173914,72,0
2015-06-30,21.52173913043478,68,0
2015-07-01,15.793478260869565,43,0
2015-07-02,19.445652173913043,47,0
2015-07-03,8.204545454545455,27,0
2015-07-04,23.630434782608695,48,0
2015-07-05,26.5,53,3
2015-07-06,19.76086956521739,52,0
2015-07-07,6.456521739130435,26,0
2015-07-08,13.75,39,0
2015-07-09,31.32608695652174,55,0
2015-07-10,19.42391304347826,76,0
2015-07-11,17.01086956521739,42,0
2015-07-12,28.206521739130434,84,0
2015-07-13,24.72826086956522,74,0
2015-07-14,28.97826086956522,95,0
2015-07-15,40.15217391304348,211,0
2015-07-16,33.33695652173913,100,1
2015-07-17,15.358695652173912,54,0
2015-07-18,25.73913043478261,86,0
2015-07-19,31.25581395348837,80,0
2015-07-20,20.681159420289855,71,0
2015-07-21,27.333333333333332,49,0
2015-07-22,32.956043956043956,52,13
2015-07-23,19.793478260869566,51,0
2015-07-24,33.30434782608695,103,2
2015-07-25,22.684782608695652,45,1
2015-07-26,37.69565217391305,90,0
2015-07-27,30.51086956521739,93,0
2015-07-28,41.395604395604394,140,0
2015-07-29,42.01086956521739,173,0
2015-07-30,42.58695652173913,123,0
2015-07-31,36.70652173913044,136,0
2015-08-01,41.17391304347826,178,0
2015-08-02,38.97826086956522,112,0
2015-08-03,30.41304347826087,96,0
2015-08-04,38.42391304347826,159,0
2015-08-05,41.04347826086956,122,0
2015-08-06,36.83783783783784,109,0
2015-08-07,39.85507246376812,131,0
2015-08-08,47.26229508196721,120,0
2015-08-09,61.416666666666664,118,16
2015-08-10,43.013698630136986,107,2
2015-08-11,38.63768115942029,117,0
2015-08-12,40.01449275362319,168,0
2015-08-13,44.829268292682926,157,0
2015-08-14,37.4320987654321,133,0
2015-08-15,40.27536231884058,108,0
2015-08-16,51.19117647058823,112,0
2015-08-17,37.27272727272727,92,0
2015-08-18,24.210526315789473,63,0
2015-08-19,48.58695652173913,120,0
2015-08-20,33.32608695652174,61,2
2015-08-21,41.58620689655172,72,21
2015-08-22,41.768115942028984,153,0
2015-08-23,47.224137931034484,135,0
2015-08-24,29.423728813559322,55,0
2015-08-25,18.463768115942027,43,0
2015-08-26,33.30434782608695,93,0
2015-08-27,18.484375,57,0
2015-08-28,26.33823529411765,70,0
2015-08-29,43.08695652173913,206,0
2015-08-30,44.072463768115945,173,0
2015-08-31,47.6231884057971,159,0
2015-09-01,44.333333333333336,134,0
2015-09-02,38.333333333333336,55,18
2015-09-03,34.594202898550726,98,1
2015-09-04,21.420289855072465,44,0
2015-09-05,34.17391304347826,49,17
2015-09-06,26.160919540229884,54,0
2015-09-07,36.38095238095238,82,0
2015-09-08,28.095238095238095,61,2
2015-09-09,34.06896551724138,85,0
2015-09-10,27.434782608695652,81,0
2015-09-11,43.16304347826087,69,2
2015-09-12,38.81521739130435,62,21
2015-09-13,40.67391304347826,55,12
2015-09-14,38.29347826086956,72,12
2015-09-15,37.73913043478261,144,0
2015-09-16,45.20652173913044,127,1
2015-09-17,52.58695652173913,162,0
2015-09-18,69.2247191011236,159,0
2015-09-19,71.53260869565217,155,1
2015-09-20,73.98913043478261,173,31
2015-09-21,52.95652173913044,191,0
2015-09-22,58.29347826086956,223,0
2015-09-23,72.70652173913044,193,0
2015-09-24,69.63333333333334,198,0
2015-09-25,56.472972972972975,137,0
2015-09-26,67.69411764705882,122,17
2015-09-27,76.05434782608695,148,29
2015-09-28,57.95652173913044,107,3
2015-09-29,43.02173913043478,122,0
2015-09-30,55.96739130434783,118,14
2015-10-01,45.119565217391305,100,18
2015-10-02,55.83695652173913,153,0
2015-10-03,50.20652173913044,112,0
2015-10-04,37.94565217391305,54,16
2015-10-05,39.25,59,17
2015-10-06,36.18478260869565,83,12
2015-10-07,64.08695652173913,174,1
2015-10-08,62.53260869565217,180,0
2015-10-09,59.73913043478261,136,3
2015-10-10,63.16304347826087,116,16
2015-10-11,75.17391304347827,192,16
2015-10-12,78.15942028985508,157,41
2015-10-13,46.391304347826086,126,4
2015-10-14,48.6231884057971,127,0
2015-10-15,63.1875,157,1
2015-10-16,65.8586956521739,176,0
2015-10-17,56.23076923076923,121,22
2015-10-18,39.348314606741575,53,25
2015-10-19,33.359550561797754,109,4
2015-10-20,60.54945054945055,178,0
2015-10-21,79.17948717948718,163,1
2015-10-22,58.205882352941174,103,4
2015-10-23,49.604651162790695,122,0
2015-10-24,48.76623376623377,73,23
2015-10-25,31.941860465116278,48,17
2015-10-26,42.02197802197802,118,2
2015-10-27,43.56043956043956,148,0
2015-10-28,42.61538461538461,116,7
2015-10-29,37.065934065934066,60,22
2015-10-30,43.65934065934066,110,1
2015-10-31,61.56521739130435,119,7
2015-11-01,50.21739130434783,74,27
2015-11-02,54.379746835443036,90,7
2015-11-03,39.383720930232556,99,0
2015-11-04,34.70652173913044,109,0
2015-11-05,34.358695652173914,84,0
2015-11-06,21.956521739130434,56,0
2015-11-07,28.130434782608695,42,9
2015-11-08,28.108695652173914,82,5
2015-11-09,39.977777777777774,106,0
2015-11-10,53.619565217391305,194,4
2015-11-11,58.59782608695652,186,3
2015-11-12,60.59782608695652,140,8
2015-11-13,69.8586956521739,171,10
2015-11-14,73.8695652173913,141,3
2015-11-15,58.380434782608695,200,18
2015-11-16,30.47826086956522,61,10
2015-11-17,47.17391304347826,121,3
2015-11-18,64.1413043478261,126,0
2015-11-19,61.52873563218391,122,2
2015-11-20,62.1578947368421,101,30
2015-11-21,50.264367816091955,76,20
2015-11-22,54.73913043478261,136,8
2015-11-23,24.25,57,1
2015-11-24,25.206521739130434,52,0
2015-11-25,23.02173913043478,57,0
2015-11-26,39.08695652173913,77,7
2015-11-27,43.93478260869565,120,3
2015-11-28,55.91304347826087,139,1
2015-11-29,47.71739130434783,88,22
2015-11-30,34.04347826086956,55,16
2015-12-01,24.945652173913043,79,7
2015-12-02,35.47826086956522,133,0
2015-12-03,20.815217391304348,64,2
2015-12-04,39.130434782608695,131,0
2015-12-05,60.47826086956522,135,2
2015-12-06,49.76086956521739,119,7
2015-12-07,35.56521739130435,73,14
2015-12-08,33.09782608695652,96,3
2015-12-09,50.02173913043478,112,8
2015-12-10,48.83695652173913,93,7
2015-12-11,56.88607594936709,120,12
2015-12-12,58.01149425287356,135,19
2015-12-13,53.77647058823529,106,6
2015-12-14,65.02898550724638,146,4
2015-12-15,67.82278481012658,134,3
2015-12-16,51.57608695652174,82,27
2015-12-17,51.354838709677416,113,5
2015-12-18,59.98809523809524,140,0
2015-12-19,58.26229508196721,148,0
2015-12-20,59.05084745762712,173,7
2015-12-21,56.17391304347826,174,7
2015-12-22,53.5,123,2
2015-12-23,60.76315789473684,128,2
2015-12-24,54.340425531914896,124,0
2015-12-25,43.95744680851064,122,0
2015-12-26,53.48936170212766,115,0
2015-12-27,38.91489361702128,86,0
2015-12-28,37.808510638297875,88,6
2015-12-29,35.680851063829785,58,0
2015-12-30,44.234042553191486,60,4
2015-12-31,54.5531914893617,83,22
2016-01-01,42.76923076923077,74,11
2016-01-02,31.942857142857143,80,11
2016-01-03,25.385714285714286,40,9
2016-01-04,28.142857142857142,61,4
2016-01-05,48.357142857142854,148,7
2016-01-06,62.92857142857143,202,5
2016-01-07,74.84285714285714,209,0
2016-01-08,72.45714285714286,184,0
2016-01-09,44.542857142857144,100,2
2016-01-10,35.51428571428571,63,5
2016-01-11,22.15714285714286,44,0
2016-01-12,16.5,41,0
2016-01-13,35.4,132,0
2016-01-14,32.38235294117647,54,12
2016-01-15,23.485714285714284,51,3
2016-01-16,21.542857142857144,36,6
2016-01-17,29.542857142857144,57,1
2016-01-18,23.014285714285716,37,0
2016-01-19,21.37142857142857,36,0
2016-01-20,18.814285714285713,31,8
2016-01-21,24.426470588235293,51,1
2016-01-22,18.37142857142857,44,1
2016-01-23,30.12857142857143,88,0
2016-01-24,30.814285714285713,113,0
2016-01-25,52.871428571428574,147,0
2016-01-26,57.72857142857143,131,0
2016-01-27,49.5,144,6
2016-01-28,51,105,22
2016-01-29,31.514285714285716,68,3
2016-01-30,32.82857142857143,83,0
2016-01-31,42.94285714285714,114,0
2016-02-01,51.77142857142857,130,0
2016-02-02,60.6,157,2
2016-02-03,51.9,141,2
2016-02-04,47.15714285714286,135,6
2016-02-05,64.52941176470588,178,7
2016-02-06,49.391304347826086,91,6
2016-02-07,43.6231884057971,90,19
2016-02-08,53.492753623188406,130,1
2016-02-09,47.82089552238806,109,0
2016-02-10,47.10144927536232,126,0
2016-02-11,34.98550724637681,79,3
2016-02-12,38.405797101449274,86,1
2016-02-13,50.91304347826087,150,8
2016-02-14,57.289855072463766,140,0
2016-02-15,33.73913043478261,108,0
2016-02-16,37.028985507246375,97,0
2016-02-17,36.63768115942029,109,0
2016-02-18,41.78082191780822,143,1
2016-02-19,44.10144927536232,141,0
2016-02-20,58.171875,147,0
2016-02-21,48.58695652173913,80,13
2016-02-22,25.76271186440678,60,1
2016-02-23,26.953846153846154,75,0
2016-02-24,28.365079365079364,89,0
2016-02-25,43.57627118644068,120,0
2016-02-26,34.84057971014493,111,0
2016-02-27,27.28985507246377,55,0
2016-02-28,32.08695652173913,66,0
2016-02-29,24.27536231884058,45,2
2016-03-01,11.72463768115942,25,1
2016-03-02,14.91304347826087,75,0
2016-03-03,21.217391304347824,52,2
2016-03-04,32.971014492753625,76,0
2016-03-05,34.27536231884058,79,0
2016-03-06,40.6231884057971,109,1
2016-03-07,44.2463768115942,164,0
2016-03-08,42.44927536231884,137,1
2016-03-09,42.84057971014493,141,0
2016-03-10,13.840579710144928,48,0
2016-03-11,18.28985507246377,56,0
2016-03-12,32.31884057971015,142,0
2016-03-13,32.63768115942029,49,16
2016-03-14,30.434782608695652,87,0
2016-03-15,37.31884057971015,106,1
2016-03-16,21.579710144927535,53,0
2016-03-17,28.507246376811594,75,0
2016-03-18,47.878787878787875,156,0
2016-03-19,64.81159420289855,217,1
2016-03-20,44.666666666666664,81,15
2016-03-21,57.130434782608695,129,1
2016-03-22,29.869565217391305,103,0
2016-03-23,35.130434782608695,179,0
2016-03-24,37.68115942028985,86,4
2016-03-25,36.27536231884058,86,0
2016-03-26,25.594202898550726,70,1
2016-03-27,36.31884057971015,80,2
2016-03-28,34.69565217391305,101,0
2016-03-29,52,181,0
2016-03-30,39.971014492753625,103,0
2016-03-31,42.869565217391305,156,0
2016-04-01,43.91228070175438,118,7
2016-04-02,56.608695652173914,200,2
2016-04-03,65.56521739130434,173,0
2016-04-04,48.08695652173913,95,0
2016-04-05,41.891304347826086,130,2
2016-04-06,59.26086956521739,194,0
2016-04-07,58.45652173913044,213,0
2016-04-08,50.21739130434783,125,0
2016-04-09,65.41304347826087,193,0
2016-04-10,58.15217391304348,160,0
2016-04-11,54.97826086956522,108,2
2016-04-12,56.71641791044776,161,0
2016-04-13,53.07692307692308,162,2
2016-04-14,59.787234042553195,140,1
2016-04-15,58.32786885245902,160,2
2016-04-16,60.457142857142856,187,0
2016-04-17,48.42857142857143,140,0
2016-04-18,40.34285714285714,123,1
2016-04-19,32.17391304347826,92,0
2016-04-20,38.63768115942029,123,0
2016-04-21,36.710144927536234,93,0
2016-04-22,57.088235294117645,152,0
2016-04-23,46.294117647058826,101,1
2016-04-24,45.26086956521739,104,2
2016-04-25,38.42028985507246,91,0
2016-04-26,35.594202898550726,91,0
2016-04-27,16.608695652173914,45,0
2016-04-28,35.289855072463766,70,7
2016-04-29,29.672727272727272,55,4
2016-04-30,45.54347826086956,99,2
2016-05-01,52.54347826086956,115,14
2016-05-02,35.71186440677966,81,0
2016-05-03,49.08695652173913,110,0
2016-05-04,46.492753623188406,220,0
2016-05-05,36.95652173913044,108,0
2016-05-06,40.44927536231884,106,0
2016-05-07,31.782608695652176,115,0
2016-05-08,31.72463768115942,83,2
2016-05-09,24.507246376811594,72,0
2016-05-10,23.92753623188406,68,0
2016-05-11,24.840579710144926,85,0
2016-05-12,31.231884057971016,63,9
2016-05-13,30.55072463768116,50,2
2016-05-14,33.78260869565217,61,10
2016-05-15,36.927536231884055,77,0
2016-05-16,26.855072463768117,72,0
2016-05-17,24.91304347826087,66,0
2016-05-18,9.779411764705882,28,0
2016-05-19,25.318840579710145,41,3
2016-05-20,21.55072463768116,57,0
2016-05-21,14.927536231884059,41,0
2016-05-22,26.47826086956522,69,0
2016-05-23,23.71212121212121,41,6
2016-05-24,26.176470588235293,44,3
2016-05-25,30.131147540983605,66,5
2016-05-26,38.130434782608695,94,8
2016-05-27,31.89855072463768,71,12
2016-05-28,36.01449275362319,53,18
2016-05-29,41.05797101449275,68,6
2016-05-30,20.782608695652176,54,0
2016-05-31,24.6231884057971,55,0
2016-06-01,18.0125,53,0
2016-06-02,21.75,51,0
2016-06-03,12.58695652173913,38,0
2016-06-04,10.315217391304348,28,0
2016-06-05,9.728260869565217,39,0
2016-06-06,12.195652173913043,40,0
2016-06-07,22.293478260869566,40,1
2016-06-08,21.597826086956523,98,0
2016-06-09,18.847826086956523,62,0
2016-06-10,16.532608695652176,58,0
2016-06-11,29.858695652173914,89,0
2016-06-12,36.869565217391305,163,0
2016-06-13,22.42391304347826,55,0
2016-06-14,21.532608695652176,69,0
2016-06-15,21.945652173913043,80,0
2016-06-16,24.560439560439562,120,0
2016-06-17,26.92222222222222,96,0
2016-06-18,33.55434782608695,105,0
2016-06-19,48.01086956521739,109,1
2016-06-20,28.369565217391305,49,11
2016-06-21,30.630434782608695,49,16
2016-06-22,20.206521739130434,54,0
2016-06-23,21.065217391304348,85,0
2016-06-24,25.608695652173914,75,0
2016-06-25,31.22826086956522,74,10
2016-06-26,39.57608695652174,85,1
2016-06-27,21.76086956521739,64,1
2016-06-28,14.847826086956522,68,0
2016-06-29,17.456521739130434,74,0
2016-06-30,16.597826086956523,57,0
2016-07-01,12.880434782608695,61,0
2016-07-02,22.847826086956523,89,0
2016-07-03,27.782608695652176,94,0
2016-07-04,22.75,77,0
2016-07-05,23.021978021978022,78,0
2016-07-06,32.111111111111114,68,0
2016-07-07,28.206521739130434,70,0
2016-07-08,24.01086956521739,67,0
2016-07-09,32.27173913043478,146,0
2016-07-10,35.57608695652174,126,0
2016-07-11,31.58695652173913,96,0
2016-07-12,41.20289855072464,104,0
2016-07-13,40.53623188405797,102,0
2016-07-14,34.028985507246375,116,0
2016-07-15,40.21739130434783,105,0
2016-07-16,31.043478260869566,72,0
2016-07-17,34.93103448275862,68,0
2016-07-18,37.02173913043478,68,10
2016-07-19,34.56521739130435,57,1
2016-07-20,31.58695652173913,79,3
2016-07-21,34.01086956521739,62,0
2016-07-22,41.34782608695652,60,27
2016-07-23,35.70652173913044,92,0
2016-07-24,51.108695652173914,118,3
2016-07-25,40.31521739130435,119,0
2016-07-26,30.516483516483518,74,0
2016-07-27,41.52054794520548,103,0
2016-07-28,38.63768115942029,62,9
2016-07-29,32.53623188405797,51,16
2016-07-30,33.78260869565217,101,0
2016-07-31,44.47826086956522,120,0
2016-08-01,26,81,0
2016-08-02,29.10144927536232,50,0
2016-08-03,37.26086956521739,67,11
2016-08-04,36.6231884057971,103,0
2016-08-05,33.47826086956522,104,0
2016-08-06,42.83076923076923,105,4
2016-08-07,49.27536231884058,81,0
2016-08-08,38.78260869565217,64,14
2016-08-09,23.761194029850746,79,0
2016-08-10,39.130434782608695,78,9
2016-08-11,28.115942028985508,50,0
2016-08-12,35.6231884057971,67,5
2016-08-13,39.81159420289855,102,1
2016-08-14,53.46376811594203,137,0
2016-08-15,35.63768115942029,129,0
2016-08-16,28.318840579710145,81,0
2016-08-17,56.72463768115942,127,0
2016-08-18,43.72093023255814,77,12
2016-08-19,38.83695652173913,113,0
2016-08-20,17.08695652173913,60,0
2016-08-21,49.369565217391305,73,9
2016-08-22,41.44565217391305,58,24
2016-08-23,37.31521739130435,79,1
2016-08-24,47.130434782608695,111,8
2016-08-25,38.9746835443038,123,0
2016-08-26,45.96551724137931,165,0
2016-08-27,46.69565217391305,139,0
2016-08-28,45.90217391304348,116,0
2016-08-29,41.06521739130435,130,0
2016-08-30,64.74444444444444,138,0
2016-08-31,36.21739130434783,70,0
2016-09-01,42.141304347826086,97,0
2016-09-02,48.54347826086956,94,20
2016-09-03,52.358695652173914,110,19
2016-09-04,26.695652173913043,48,0
2016-09-05,23.793478260869566,76,0
2016-09-06,25.91304347826087,60,0
2016-09-07,32.119565217391305,60,0
2016-09-08,45.67391304347826,158,0
2016-09-09,43.56521739130435,78,24
2016-09-10,47.18478260869565,115,19
2016-09-11,56.130434782608695,135,19
2016-09-12,43.358695652173914,126,0
2016-09-13,48.47826086956522,104,1
2016-09-14,53.55434782608695,140,0
2016-09-15,48.880434782608695,103,2
2016-09-16,34.79347826086956,52,14
2016-09-17,52.07608695652174,178,2
2016-09-18,60.19565217391305,151,0
2016-09-19,41.02173913043478,102,0
2016-09-20,37.43478260869565,53,0
2016-09-21,47.19565217391305,69,7
2016-09-22,45.630434782608695,88,20
2016-09-23,65.78260869565217,152,25
2016-09-24,46.02173913043478,65,19
2016-09-25,44.21739130434783,56,31
2016-09-26,45.30434782608695,70,29
2016-09-27,45.82608695652174,90,7
2016-09-28,48.891304347826086,145,0
2016-09-29,40.06024096385542,113,0
2016-09-30,43.3448275862069,69,24
2016-10-01,40.45945945945946,61,23
2016-10-02,41.31884057971015,77,22
2016-10-03,15.873563218390805,51,0
2016-10-04,33.67567567567568,80,0
2016-10-05,43.81481481481482,66,18
2016-10-06,45.83695652173913,111,11
2016-10-07,41.380434782608695,69,18
2016-10-08,47.69565217391305,136,1
2016-10-09,41.83695652173913,89,0
2016-10-10,43.92391304347826,59,28
2016-10-11,41.67391304347826,103,13
2016-10-12,52.76086956521739,125,5
2016-10-13,39.55434782608695,87,1
2016-10-14,41.52173913043478,89,1
2016-10-15,48.68131868131868,123,6
2016-10-16,51.15555555555556,130,0
2016-10-17,59.65882352941176,159,0
2016-10-18,58.55172413793103,159,7
2016-10-19,76.01123595505618,183,4
2016-10-20,66.68478260869566,193,1
2016-10-21,43.45652173913044,83,23
2016-10-22,31.66304347826087,46,17
2016-10-23,37.54216867469879,96,15
2016-10-24,43.96551724137931,161,2
2016-10-25,25.77777777777778,57,0
2016-10-26,48.22784810126582,113,3
2016-10-27,54.91954022988506,93,17
2016-10-28,39.82608695652174,88,0
2016-10-29,39.58695652173913,68,17
2016-10-30,38.40217391304348,66,22
2016-10-31,49.34782608695652,167,4
2016-11-01,49.45652173913044,108,2
2016-11-02,55,102,4
2016-11-03,28.869565217391305,59,0
2016-11-04,31.76086956521739,46,13
2016-11-05,38.47826086956522,53,22
2016-11-06,38.34782608695652,94,5
2016-11-07,50.91304347826087,161,4
2016-11-08,55.95652173913044,181,2
2016-11-09,53.3,110,6
2016-11-10,64.86904761904762,121,7
2016-11-11,71.29347826086956,185,0
2016-11-12,46.90217391304348,70,32
2016-11-13,35.31707317073171,47,22
2016-11-14,38.160919540229884,62,16
2016-11-15,35.46153846153846,67,10
2016-11-16,40.20879120879121,122,0
2016-11-17,57.38461538461539,179,1
2016-11-18,35.92391304347826,49,3
2016-11-19,39,52,16
2016-11-20,40.31521739130435,99,0
2016-11-21,56.08695652173913,175,1
2016-11-22,40.337078651685395,109,0
2016-11-23,39.90217391304348,90,7
2016-11-24,49.858695652173914,102,10
2016-11-25,53.619565217391305,141,6
2016-11-26,59.28260869565217,183,25
2016-11-27,60.43478260869565,158,1
2016-11-28,47.59782608695652,144,0
2016-11-29,40.29347826086956,71,1
2016-11-30,32.67391304347826,50,19
2016-12-01,27.66304347826087,47,8
2016-12-02,46.44565217391305,127,10
2016-12-03,50.66304347826087,106,9
2016-12-04,56.869565217391305,80,38
2016-12-05,47.08695652173913,87,18
2016-12-06,54.666666666666664,152,0
2016-12-07,52.73913043478261,186,0
2016-12-08,69.6376811594203,174,0
2016-12-09,58.507246376811594,132,16
2016-12-10,51.130434782608695,132,2
2016-12-11,27.085714285714285,62,0
2016-12-12,24.264705882352942,56,0
2016-12-13,39.964285714285715,112,1
2016-12-14,39.52173913043478,84,1
2016-12-15,35.32608695652174,48,20
2016-12-16,27.12280701754386,45,8
2016-12-17,41.333333333333336,101,2
2016-12-18,41.92156862745098,102,2
2016-12-19,30.5,94,1
2016-12-20,37.47826086956522,105,2
2016-12-21,45.43478260869565,107,2
2016-12-22,56.76086956521739,118,3
2016-12-23,66.80434782608695,153,4
2016-12-24,76.21739130434783,170,17
2016-12-25,57.76086956521739,124,11
2016-12-26,60.44444444444444,143,8
2016-12-27,69.4,135,3
2016-12-28,70.02173913043478,183,4
2016-12-29,65.58695652173913,167,7
2016-12-30,64.58695652173913,109,4
2016-12-31,67.28260869565217,106,14
2017-01-01,50.95652173913044,85,13
2017-01-02,49,109,9
2017-01-03,61.517857142857146,135,3
2017-01-04,53.05797101449275,127,6
2017-01-05,52.05797101449275,105,0
2017-01-06,45.20289855072464,135,0
2017-01-07,50.11594202898551,161,2
2017-01-08,47.94202898550725,113,0
2017-01-09,50.63768115942029,122,0
2017-01-10,66.29885057471265,127,6
2017-01-11,61.15217391304348,139,14
2017-01-12,35.54347826086956,69,5
2017-01-13,32.05434782608695,71,9
2017-01-14,59.42391304347826,187,11
2017-01-15,47.55434782608695,150,0
2017-01-16,31.91304347826087,96,1
2017-01-17,30.130434782608695,67,0
2017-01-18,21.83695652173913,53,0
2017-01-19,20.871794871794872,72,0
2017-01-20,19.956521739130434,59,0
2017-01-21,34.88405797101449,68,5
2017-01-22,40.94252873563219,73,3
2017-01-23,30.11392405063291,95,1
2017-01-24,39.258823529411764,103,1
2017-01-25,38.18478260869565,79,0
2017-01-26,22.82608695652174,64,0
2017-01-27,25.08695652173913,61,0
2017-01-28,46.82608695652174,124,9
2017-01-29,55.90217391304348,112,13
2017-01-30,34.51648351648352,95,3
2017-01-31,31.08888888888889,97,2
2017-02-01,25.41025641025641,78,0
2017-02-02,34.7536231884058,83,0
2017-02-03,37.404761904761905,89,0
2017-02-04,34.5,80,1
2017-02-05,58.29347826086956,143,1
2017-02-06,50.108695652173914,124,1
2017-02-07,35.43478260869565,101,0
2017-02-08,37.22826086956522,69,5
2017-02-09,37.84782608695652,71,5
2017-02-10,42.96739130434783,106,3
2017-02-11,45.20652173913044,107,8
2017-02-12,49.56666666666667,109,2
2017-02-13,39.641304347826086,110,1
2017-02-14,48.119565217391305,125,5
2017-02-15,55.22826086956522,133,5
2017-02-16,55.94565217391305,181,0
2017-02-17,68.47826086956522,193,0
2017-02-18,79.6304347826087,236,0
2017-02-19,74.51086956521739,146,3
2017-02-20,69.26086956521739,175,6
2017-02-21,51.22826086956522,142,1
2017-02-22,39.141304347826086,133,0
2017-02-23,42.22826086956522,141,0
2017-02-24,49.023529411764706,101,0
2017-02-25,28.96923076923077,56,0
2017-02-26,40.01449275362319,95,2
2017-02-27,53.072463768115945,112,0
2017-02-28,54.57971014492754,100,0
2017-03-01,42.06410256410256,100,0
2017-03-02,35.32608695652174,84,1
2017-03-03,30.206521739130434,77,1
2017-03-04,33.26086956521739,82,0
2017-03-05,29.27173913043478,60,2
2017-03-06,18.630434782608695,72,0
2017-03-07,32.27272727272727,103,0
2017-03-08,27.72826086956522,82,0
2017-03-09,40.26086956521739,123,0
2017-03-10,52.119565217391305,164,0
2017-03-11,57.68478260869565,124,0
2017-03-12,57.52173913043478,109,0
2017-03-13,42.33695652173913,72,17
2017-03-14,29.02173913043478,58,1
2017-03-15,35.02173913043478,107,2
2017-03-16,39.79347826086956,107,0
2017-03-17,37.45652173913044,110,0
2017-03-18,32.32608695652174,57,15
2017-03-19,28.793478260869566,38,15
2017-03-20,30.782608695652176,50,4
2017-03-21,29.043478260869566,61,0
2017-03-22,29.83695652173913,73,0
2017-03-23,34.48913043478261,107,0
2017-03-24,59.54945054945055,197,0
2017-03-25,42.57608695652174,207,0
2017-03-26,31.956521739130434,85,0
2017-03-27,27.25,85,0
2017-03-28,28.608695652173914,77,4
2017-03-29,27.61038961038961,54,0
2017-03-30,31.21951219512195,69,5
2017-03-31,29.652173913043477,66,5
2017-04-01,31.108695652173914,58,6
2017-04-02,35.380434782608695,63,5
2017-04-03,37.81521739130435,107,0
2017-04-04,43.84782608695652,126,0
2017-04-05,41.41304347826087,114,0
2017-04-06,18.64367816091954,47,0
2017-04-07,22.023529411764706,50,0
2017-04-08,38.98913043478261,68,12
2017-04-09,36.46739130434783,66,16
2017-04-10,41.2125,158,0
2017-04-11,35.405797101449274,109,1
2017-04-12,33.61333333333334,52,10
2017-04-13,32.03370786516854,43,18
2017-04-14,37.94565217391305,117,1
2017-04-15,47.075,166,1
2017-04-16,48.65217391304348,101,1
2017-04-17,31.08695652173913,46,4
2017-04-18,32.80246913580247,49,18
2017-04-19,28.282608695652176,53,1
2017-04-20,38.26086956521739,128,1
2017-04-21,28.195652173913043,64,0
2017-04-22,30.42391304347826,62,0
2017-04-23,40.141304347826086,54,24
2017-04-24,38.20652173913044,103,4
2017-04-25,34.43478260869565,83,0
2017-04-26,13.708860759493671,37,0
2017-04-27,17.159420289855074,40,0
2017-04-28,36.47826086956522,47,19
2017-04-29,30.333333333333332,44,12
2017-04-30,33.52173913043478,62,7
2017-05-01,39.391304347826086,98,8
2017-05-02,24.182926829268293,63,0
2017-05-03,28.83695652173913,155,0
2017-05-04,19.51086956521739,75,0
2017-05-05,10.304347826086957,34,0
2017-05-06,31.41304347826087,161,0
2017-05-07,33.380434782608695,54,2
2017-05-08,26.456521739130434,71,0
2017-05-09,33.76086956521739,110,0
2017-05-10,35.641304347826086,64,7
2017-05-11,32.58695652173913,52,7
2017-05-12,29.684782608695652,79,0
2017-05-13,32.58695652173913,88,0
2017-05-14,34.608695652173914,65,0
2017-05-15,33.77173913043478,99,0
2017-05-16,30.16304347826087,57,1
2017-05-17,24.441860465116278,61,5
2017-05-18,22.706521739130434,41,5
2017-05-19,9.25,39,0
2017-05-20,16.902173913043477,72,0
2017-05-21,11.152173913043478,25,0
2017-05-22,20.304347826086957,40,0
2017-05-23,31.119565217391305,61,0
2017-05-24,19.26086956521739,58,0
2017-05-25,19,98,0
2017-05-26,30.195652173913043,120,0
2017-05-27,42.369565217391305,90,0
2017-05-28,35.130434782608695,63,0
2017-05-29,23.91304347826087,81,0
2017-05-30,20.25,49,0
2017-05-31,30.652173913043477,87,0
2017-06-01,17.97826086956522,53,0
2017-06-02,28.395604395604394,61,1
2017-06-03,35.65217391304348,88,0
2017-06-04,26.782608695652176,86,0
2017-06-05,9.494117647058824,39,0
2017-06-06,8.043478260869565,32,0
2017-06-07,20,89,0
2017-06-08,26.71641791044776,76,0
2017-06-09,20.6046511627907,48,0
2017-06-10,27.77906976744186,69,1
2017-06-11,30.42528735632184,117,0
2017-06-12,15.161290322580646,63,0
2017-06-13,3.225806451612903,23,0
2017-06-14,19.35483870967742,59,0
2017-06-15,28.820224719101123,51,0
2017-06-16,26.172043010752688,73,0
2017-06-17,21.623655913978496,87,0
2017-06-18,26.677419354838708,77,0
2017-06-19,29.365591397849464,84,0
2017-06-20,33.086021505376344,43,21
2017-06-21,30.93548387096774,44,9
2017-06-22,27.258064516129032,66,0
2017-06-23,29.053763440860216,71,0
2017-06-24,32.666666666666664,118,0
2017-06-25,37.043956043956044,99,0
2017-06-26,27.604395604395606,66,0
2017-06-27,23.747252747252748,83,0
2017-06-28,20.978494623655912,96,0
2017-06-29,18.75824175824176,84,0
2017-06-30,26,86,0
2017-07-01,30.451612903225808,47,1
2017-07-02,44.01162790697674,55,31
2017-07-03,36.90243902439025,55,2
2017-07-04,30.753846153846155,58,0
2017-07-05,25.597560975609756,61,0
2017-07-06,26.30952380952381,64,0
2017-07-07,28.853658536585368,70,0
2017-07-08,33.236559139784944,112,0
2017-07-09,29.26923076923077,70,0
2017-07-10,20.914285714285715,68,0
2017-07-11,26.885714285714286,105,0
2017-07-12,35.02298850574713,76,0
2017-07-13,38.11827956989247,94,3
2017-07-14,26.391304347826086,82,0
2017-07-15,25.956989247311828,67,0
2017-07-16,35.70967741935484,72,2
2017-07-17,33.55421686746988,99,1
2017-07-18,35.31428571428572,47,21
2017-07-19,31.06451612903226,51,10
2017-07-20,24.204301075268816,73,0
2017-07-21,26.788888888888888,100,0
2017-07-22,45.38709677419355,98,0
2017-07-23,56.55913978494624,110,11
2017-07-24,34.74193548387097,115,0
2017-07-25,33.94117647058823,137,0
2017-07-26,32.2,128,0
2017-07-27,37.01428571428571,87,0
2017-07-28,36.57142857142857,105,0
2017-07-29,36.77142857142857,109,0
2017-07-30,36.614285714285714,97,0
2017-07-31,24.442857142857143,76,0
2017-08-01,24.12857142857143,75,0
2017-08-02,23.1,81,0
2017-08-03,30.82857142857143,67,0
2017-08-04,33.75714285714286,51,11
2017-08-05,45.885714285714286,63,24
2017-08-06,41.90196078431372,64,9
2017-08-07,37.54838709677419,97,0
2017-08-08,35.4,106,0
2017-08-09,41.661764705882355,121,0
2017-08-10,38.96969696969697,57,12
2017-08-11,44.7536231884058,78,5
2017-08-12,49.8,126,6
2017-08-13,47.4,124,6
2017-08-14,38.24285714285714,72,0
2017-08-15,29.82857142857143,58,0
2017-08-16,11.585714285714285,34,0
2017-08-17,23.65714285714286,47,2
2017-08-18,13.242857142857142,40,0
2017-08-19,8.028571428571428,28,0
2017-08-20,23.242424242424242,45,0
2017-08-21,47.34285714285714,62,33
2017-08-22,35.357142857142854,59,6
2017-08-23,29.37142857142857,98,0
2017-08-24,36.27142857142857,86,0
2017-08-25,36.15714285714286,97,6
2017-08-26,40.27142857142857,175,0
2017-08-27,61.07142857142857,199,0
2017-08-28,56.829268292682926,152,0
2017-08-29,51.41935483870968,189,0
2017-08-30,49.763440860215056,166,0
2017-08-31,46.236559139784944,90,20
2017-09-01,42,61,23
2017-09-02,54.956989247311824,117,2
2017-09-03,47.225806451612904,162,0
2017-09-04,40.96774193548387,122,0
2017-09-05,50.02150537634409,146,0
2017-09-06,65.50537634408602,137,4
2017-09-07,65.35483870967742,154,3
2017-09-08,60.60215053763441,160,1
2017-09-09,57.53763440860215,164,0
2017-09-10,64.26881720430107,147,5
2017-09-11,57.75268817204301,150,4
2017-09-12,62.69892473118279,154,0
2017-09-13,53.67741935483871,176,0
2017-09-14,54.68817204301075,150,1
2017-09-15,63.086021505376344,156,1
2017-09-16,84.5421686746988,214,19
2017-09-17,72.07058823529412,169,0
2017-09-18,77.32183908045977,183,42
2017-09-19,64.85882352941177,141,26
2017-09-20,55.22826086956522,149,0
2017-09-21,60.31521739130435,194,0
2017-09-22,58.41304347826087,183,1
2017-09-23,70.32608695652173,190,1
2017-09-24,74.92391304347827,109,55
2017-09-25,68.68478260869566,105,29
2017-09-26,61.380434782608695,142,4
2017-09-27,66.73913043478261,162,0
2017-09-28,54.73913043478261,200,0
2017-09-29,48.855555555555554,72,0
2017-09-30,47.976470588235294,88,7
2017-10-01,60.25,104,1
2017-10-02,35.465753424657535,71,0
2017-10-03,45.39080459770115,82,2
2017-10-04,35.55434782608695,84,1
2017-10-05,51.75675675675676,160,0
2017-10-06,61.58620689655172,168,0
2017-10-07,57.77173913043478,80,34
2017-10-08,45.380434782608695,120,1
2017-10-09,56.46739130434783,172,0
2017-10-10,65.31521739130434,188,1
2017-10-11,61.97826086956522,202,0
2017-10-12,77.95505617977528,181,32
2017-10-13,77.71014492753623,177,19
2017-10-14,70.47826086956522,203,28
2017-10-15,45.378787878787875,52,35
2017-10-16,38.90243902439025,65,15
2017-10-17,45.07608695652174,122,5
2017-10-18,53.91304347826087,154,1
2017-10-19,70.02173913043478,142,2
2017-10-20,65.3913043478261,114,20
2017-10-21,48.78021978021978,123,0
2017-10-22,41.71739130434783,73,0
2017-10-23,33.54347826086956,46,10
2017-10-24,29.706521739130434,47,10
2017-10-25,44.40217391304348,166,0
2017-10-26,44.77173913043478,116,0
2017-10-27,35.70652173913044,89,1
2017-10-28,62.41304347826087,108,0
2017-10-29,45.18478260869565,106,0
2017-10-30,34.27173913043478,105,1
2017-10-31,40,77,0
2017-11-01,41.72826086956522,62,18
2017-11-02,44.392405063291136,85,24
2017-11-03,53.72463768115942,139,11
2017-11-04,55.130434782608695,96,0
2017-11-05,44.492753623188406,59,8
2017-11-06,40.18292682926829,58,19
2017-11-07,36.97826086956522,59,3
2017-11-08,41.91304347826087,103,10
2017-11-09,35.42391304347826,110,0
2017-11-10,36.95652173913044,108,0
2017-11-11,37.71739130434783,63,0
2017-11-12,47.34782608695652,132,0
2017-11-13,53.77173913043478,128,0
2017-11-14,42.08695652173913,125,0
2017-11-15,60.91304347826087,159,3
2017-11-16,56.09782608695652,132,1
2017-11-17,38.391304347826086,103,0
2017-11-18,51.59782608695652,103,1
2017-11-19,49.21978021978022,74,21
2017-11-20,44.94444444444444,64,24
2017-11-21,36.18681318681319,102,0
2017-11-22,32.119565217391305,51,2
2017-11-23,32.77173913043478,52,4
2017-11-24,56.641304347826086,268,1
2017-11-25,42.83695652173913,133,0
2017-11-26,53.90217391304348,85,2
2017-11-27,45.26086956521739,94,7
2017-11-28,42.25,85,10
2017-11-29,43.23913043478261,79,12
2017-11-30,37.05194805194805,79,8
2017-12-01,40.42028985507246,86,12
2017-12-02,42.27536231884058,65,26
2017-12-03,42.56521739130435,99,16
2017-12-04,53.1025641025641,150,7
2017-12-05,39.75675675675676,92,9
2017-12-06,36.20238095238095,104,8
2017-12-07,33.417582417582416,103,3
2017-12-08,35.54347826086956,102,2
2017-12-09,42.81521739130435,106,16
2017-12-10,53.68478260869565,205,1
2017-12-11,43.630434782608695,166,1
2017-12-12,30.518987341772153,45,18
2017-12-13,37.31460674157304,83,12
2017-12-14,57.20253164556962,201,12
2017-12-15,56.05813953488372,183,2
2017-12-16,52.53763440860215,164,1
2017-12-17,51.68478260869565,122,1
2017-12-18,52.87234042553192,119,1
2017-12-19,52.30769230769231,99,30
2017-12-20,53.340425531914896,131,5
2017-12-21,24.44047619047619,57,1
2017-12-22,24.75531914893617,61,0
2017-12-23,40.819148936170215,82,1
2017-12-24,43.9468085106383,84,2
2017-12-25,30.71276595744681,101,1
2017-12-26,38.234042553191486,121,10
2017-12-27,37.48863636363637,113,5
2017-12-28,29.638297872340427,75,11
2017-12-29,34.234042553191486,68,9
2017-12-30,44.54054054054054,71,11
2017-12-31,46.23943661971831,59,29
2018-01-01,38.309859154929576,63,8
2018-01-02,30.380281690140844,62,3
2018-01-03,26.04225352112676,56,8
2018-01-04,40.333333333333336,77,3
2018-01-05,51.94202898550725,152,7
2018-01-06,41.14492753623188,92,2
2018-01-07,44.94202898550725,62,22
2018-01-08,28.17910447761194,49,11
2018-01-09,32.42253521126761,81,1
2018-01-10,44.478873239436616,141,3
2018-01-11,41.84507042253521,111,1
2018-01-12,46.478873239436616,81,7
2018-01-13,46.7887323943662,79,10
2018-01-14,39.53521126760563,85,2
2018-01-15,47.91549295774648,97,6
2018-01-16,53.76056338028169,104,2
2018-01-17,49.04225352112676,148,1
2018-01-18,46.774647887323944,112,2
2018-01-19,48.183098591549296,124,3
2018-01-20,50.352112676056336,145,2
2018-01-21,50.378787878787875,133,4
2018-01-22,49.229166666666664,113,2
2018-01-23,52.41935483870968,151,6
2018-01-24,58.394366197183096,233,2
2018-01-25,58.91549295774648,110,3
2018-01-26,38.87323943661972,57,21
2018-01-27,31.732394366197184,56,15
2018-01-28,40.140845070422536,113,7
2018-01-29,32.08450704225352,92,1
2018-01-30,26.408450704225352,42,6
2018-01-31,27.3943661971831,63,2
2018-02-01,29.65671641791045,67,3
2018-02-02,35.40845070422535,104,5
2018-02-03,25.714285714285715,42,9
2018-02-04,32.47142857142857,77,7
2018-02-05,28.859154929577464,56,7
2018-02-06,27.788732394366196,56,6
2018-02-07,38.08450704225352,142,1
2018-02-08,52.7887323943662,200,1
2018-02-09,56.97530864197531,173,5
2018-02-10,39.1063829787234,99,4
2018-02-11,41.44086021505376,121,3
2018-02-12,37.96808510638298,107,1
2018-02-13,39.47872340425532,56,28
2018-02-14,26.827956989247312,44,15
2018-02-15,28.78723404255319,55,9
2018-02-16,27.096385542168676,63,8
2018-02-17,26.36904761904762,79,6
2018-02-18,25.428571428571427,74,2
2018-02-19,37.77272727272727,100,3
2018-02-20,27.79787234042553,66,1
2018-02-21,39.72826086956522,87,7
2018-02-22,44.41935483870968,101,2
2018-02-23,43.61290322580645,78,23
2018-02-24,41.5375,94,14
2018-02-25,40.6144578313253,79,10
2018-02-26,31.677419354838708,120,1
2018-02-27,31.698924731182796,99,1
2018-02-28,59.17204301075269,183,1
2018-03-01,59.53333333333333,210,0
2018-03-02,51.55882352941177,166,1
2018-03-03,45.72289156626506,123,5
2018-03-04,47.166666666666664,184,0
2018-03-05,32.666666666666664,118,1
2018-03-06,53.608695652173914,222,1
2018-03-07,38.76190476190476,114,3
2018-03-08,32.516129032258064,52,18
2018-03-09,33.44086021505376,113,8
2018-03-10,35.70967741935484,102,3
2018-03-11,65.70967741935483,210,2
2018-03-12,41.32258064516129,101,1
2018-03-13,36.073170731707314,139,1
2018-03-14,59.044117647058826,127,4
2018-03-15,50.38461538461539,121,2
2018-03-16,45.604395604395606,145,2
2018-03-17,44.175824175824175,107,10
2018-03-18,51.19565217391305,140,6
2018-03-19,29.752688172043012,108,1
2018-03-20,46.39784946236559,145,2
2018-03-21,36.98924731182796,121,2
2018-03-22,30.640449438202246,74,13
2018-03-23,45.689655172413794,193,0
2018-03-24,38.088235294117645,88,7
2018-03-25,35.627450980392155,76,2
2018-03-26,25.69090909090909,64,3
2018-03-27,38.6231884057971,103,7
2018-03-28,37.231884057971016,142,1
2018-03-29,32.869565217391305,132,1
2018-03-30,42.3768115942029,126,2
2018-03-31,40.582089552238806,103,2
2018-04-01,34.07142857142857,74,3
2018-04-02,22.571428571428573,58,1
2018-04-03,23.214285714285715,65,1
2018-04-04,33.7,106,3
2018-04-05,37.74418604651163,122,1
2018-04-06,38.629629629629626,84,1
2018-04-07,36.4,116,3
2018-04-08,40.96590909090909,97,6
2018-04-09,41.670212765957444,120,5
2018-04-10,44.87234042553192,156,8
2018-04-11,41.776595744680854,113,3
2018-04-12,40.287234042553195,144,1
2018-04-13,55.12765957446808,209,1
2018-04-14,47.98936170212766,80,23
2018-04-15,34.670212765957444,47,25
2018-04-16,30.24468085106383,44,14
2018-04-17,24.914893617021278,50,4
2018-04-18,28.74468085106383,93,1
2018-04-19,38.47727272727273,116,1
2018-04-20,37.48235294117647,129,1
2018-04-21,44.03191489361702,118,1
2018-04-22,45.223404255319146,104,9
2018-04-23,46.62765957446808,160,3
2018-04-24,39.329787234042556,123,1
2018-04-25,41.319148936170215,130,1
2018-04-26,37.361702127659576,196,2
2018-04-27,37.655913978494624,118,7
2018-04-28,48.96774193548387,168,4
2018-04-29,42.74193548387097,104,5
2018-04-30,39.88172043010753,114,1
2018-05-01,41.935483870967744,149,0
2018-05-02,33.55913978494624,96,1
2018-05-03,39.806451612903224,107,4
2018-05-04,38.74193548387097,131,1
2018-05-05,47.78666666666667,165,1
2018-05-06,57.544117647058826,90,29
2018-05-07,37.65853658536585,62,11
2018-05-08,28.282608695652176,41,6
2018-05-09,25.903225806451612,65,1
2018-05-10,30.903225806451612,87,1
2018-05-11,26.129032258064516,83,1
2018-05-12,30.817204301075268,85,2
2018-05-13,39.365591397849464,64,18
2018-05-14,29.602150537634408,70,4
2018-05-15,16.129032258064516,39,1
2018-05-16,29.225806451612904,84,1
2018-05-17,34.166666666666664,56,5
2018-05-18,30.2,83,2
2018-05-19,23.89873417721519,51,1
2018-05-20,35.69767441860465,62,6
2018-05-21,26.159574468085108,85,1
2018-05-22,33.640449438202246,132,1
2018-05-23,43.95744680851064,124,1
2018-05-24,43.659574468085104,93,1
2018-05-25,39.829787234042556,84,7
2018-05-26,42.88297872340426,89,12
2018-05-27,39.59574468085106,101,4
2018-05-28,34.659574468085104,79,5
2018-05-29,36.61290322580645,84,7
2018-05-30,33.12903225806452,77,1
2018-05-31,30.35483870967742,84,0
2018-06-01,27.043478260869566,94,1
2018-06-02,25.440860215053764,88,1
2018-06-03,32.24731182795699,50,4
2018-06-04,30.225806451612904,51,9
2018-06-05,11.13978494623656,32,1
2018-06-06,11.21505376344086,64,0
2018-06-07,14.053763440860216,52,0
2018-06-08,17.946236559139784,42,1
2018-06-09,19.591397849462364,41,1
2018-06-10,17.956989247311828,52,1
2018-06-11,19.677419354838708,77,0
2018-06-12,21.86813186813187,73,0
2018-06-13,15.74468085106383,47,0
2018-06-14,30.638297872340427,42,16
2018-06-15,26.666666666666668,46,12
2018-06-16,31.9468085106383,43,19
2018-06-17,30.27659574468085,49,16
2018-06-18,24.45744680851064,52,3
2018-06-19,26.04255319148936,68,2
2018-06-20,26.638297872340427,84,1
2018-06-21,22.02127659574468,84,0
2018-06-22,21.574468085106382,82,0
2018-06-23,24.872340425531913,83,0
2018-06-24,36.138297872340424,85,2
2018-06-25,23.77659574468085,92,1
2018-06-26,24.73404255319149,94,0
2018-06-27,27.344444444444445,84,0
2018-06-28,27.652173913043477,73,0
2018-06-29,28.976470588235294,99,1
2018-06-30,33.858695652173914,110,0
2018-07-01,43.53260869565217,149,1
2018-07-02,30.119565217391305,112,1
2018-07-03,26.76086956521739,89,1
2018-07-04,23.9010989010989,70,1
2018-07-05,23.17391304347826,110,0
2018-07-06,34.71739130434783,119,0
2018-07-07,39.93478260869565,107,1
2018-07-08,39.45652173913044,117,1
2018-07-09,39.68478260869565,123,1
2018-07-10,25.892857142857142,49,11
2018-07-11,37.369565217391305,62,14
2018-07-12,38.42391304347826,113,2
2018-07-13,30.92391304347826,94,1
2018-07-14,37.630434782608695,142,1
2018-07-15,36.391304347826086,119,1
2018-07-16,35.65217391304348,137,1
2018-07-17,37.66304347826087,111,1
2018-07-18,29.73913043478261,115,0
2018-07-19,35.92391304347826,132,1
2018-07-20,35,120,1
2018-07-21,33.65217391304348,102,1
2018-07-22,32.608695652173914,63,4
2018-07-23,35.76470588235294,88,1
2018-07-24,32.705882352941174,64,1
2018-07-25,33.09782608695652,92,7
2018-07-26,33.01086956521739,94,1
2018-07-27,29.641304347826086,113,1
2018-07-28,40.03260869565217,127,1
2018-07-29,37.73913043478261,119,2
2018-07-30,28.77173913043478,108,1
2018-07-31,26.76086956521739,44,4
2018-08-01,35.27173913043478,51,17
2018-08-02,23.73913043478261,39,4
2018-08-03,10.695652173913043,35,0
2018-08-04,24.630434782608695,63,0
2018-08-05,21.184782608695652,60,1
2018-08-06,15.554347826086957,37,1
2018-08-07,29.119565217391305,63,7
2018-08-08,26.554347826086957,85,1
2018-08-09,40.55434782608695,77,6
2018-08-10,42.57608695652174,93,9
2018-08-11,40.32432432432432,99,4
2018-08-12,40,70,5
2018-08-13,40.130434782608695,67,4
2018-08-14,45.279411764705884,114,5
2018-08-15,30.717391304347824,60,1
2018-08-16,42.141304347826086,64,13
2018-08-17,39.93478260869565,57,15
2018-08-18,32.69565217391305,76,2
2018-08-19,43.69565217391305,99,2
2018-08-20,43.71739130434783,127,1
2018-08-21,39.869565217391305,113,0
2018-08-22,50.21739130434783,118,3
2018-08-23,48.92307692307692,140,1
2018-08-24,42.46739130434783,135,1
2018-08-25,40.119565217391305,71,8
2018-08-26,42.20879120879121,58,23
2018-08-27,36.70967741935484,55,18
2018-08-28,34.193548387096776,98,1
2018-08-29,31.182795698924732,112,1
2018-08-30,32.96774193548387,105,1
2018-08-31,37.204301075268816,121,1
2018-09-01,46.473118279569896,118,0
2018-09-02,51.666666666666664,115,8
2018-09-03,41.81720430107527,95,4
2018-09-04,32.41935483870968,47,15
2018-09-05,38.956989247311824,59,12
2018-09-06,32.18279569892473,79,1
2018-09-07,52.69892473118279,151,10
2018-09-08,48.73118279569893,175,4
2018-09-09,60.81720430107527,118,25
2018-09-10,52.73118279569893,87,20
2018-09-11,43.81720430107527,89,9
2018-09-12,43.193548387096776,88,24
2018-09-13,46.97849462365591,102,19
2018-09-14,14.45054945054945,47,0
2018-09-15,36.935483870967744,95,1
2018-09-16,47.935483870967744,88,29
2018-09-17,28.376344086021504,60,4
2018-09-18,35.043010752688176,79,3
2018-09-19,48.075268817204304,107,3
2018-09-20,29.32967032967033,69,1
2018-09-21,39.40217391304348,110,1
2018-09-22,50.01123595505618,144,1
2018-09-23,63.5,145,3
2018-09-24,69.72093023255815,211,1
2018-09-25,63.88172043010753,106,38
2018-09-26,57.27956989247312,142,2
2018-09-27,35.59550561797753,111,2
2018-09-28,42.346666666666664,62,7
2018-09-29,45.642857142857146,109,5
2018-09-30,53.41428571428571,136,8
2018-10-01,34.6,101,2
2018-10-02,55.885714285714286,145,1
2018-10-03,58.074074074074076,146,8
2018-10-04,37.903225806451616,54,14
2018-10-05,40.869565217391305,53,24
2018-10-06,37.16129032258065,60,21
2018-10-07,24.268817204301076,45,5
2018-10-08,16.06451612903226,37,1
2018-10-09,42.69892473118279,111,1
2018-10-10,43.59139784946237,122,1
2018-10-11,36.12903225806452,56,21
2018-10-12,34.824175824175825,89,1
2018-10-13,42.857142857142854,117,1
2018-10-14,33.956989247311824,51,10
2018-10-15,25.129032258064516,69,3
2018-10-16,26.056818181818183,76,2
2018-10-17,33.46236559139785,93,1
2018-10-18,51.87096774193548,125,1
2018-10-19,40.26881720430107,69,7
2018-10-20,48.630434782608695,69,20
2018-10-21,38.25806451612903,58,13
2018-10-22,51.473118279569896,155,17
2018-10-23,57.8494623655914,138,10
2018-10-24,38.655913978494624,71,17
2018-10-25,29.956989247311828,63,1
2018-10-26,26.52173913043478,69,2
2018-10-27,40.27956989247312,58,2
2018-10-28,43.824175824175825,59,29
2018-10-29,33.18681318681319,51,13
2018-10-30,44.4,159,14
2018-10-31,46.857142857142854,105,5
2018-11-01,34.73118279569893,103,0
2018-11-02,48.58064516129032,109,19
2018-11-03,56.344086021505376,107,16
2018-11-04,36.55681818181818,63,7
2018-11-05,35.193548387096776,52,16
2018-11-06,29.27956989247312,63,7
2018-11-07,27.258064516129032,48,3
2018-11-08,28.537634408602152,41,14
2018-11-09,31.870967741935484,74,5
2018-11-10,31.206521739130434,76,5
2018-11-11,34.225806451612904,85,1
2018-11-12,41.72826086956522,121,1
2018-11-13,44.31182795698925,119,5
2018-11-14,38.97849462365591,98,2
2018-11-15,37.32258064516129,88,2
2018-11-16,40.89247311827957,72,21
2018-11-17,37.354838709677416,100,3
2018-11-18,41.10752688172043,67,2
2018-11-19,38.204301075268816,56,23
2018-11-20,34.075268817204304,45,12
2018-11-21,24.225806451612904,42,7
2018-11-22,36.9875,128,1
2018-11-23,31.130434782608695,101,1
2018-11-24,37.4,57,1
2018-11-25,41.94285714285714,71,10
2018-11-26,40.03658536585366,57,22
2018-11-27,34.666666666666664,72,9
2018-11-28,40.10752688172043,117,7
2018-11-29,44.344086021505376,123,7
2018-11-30,51.935483870967744,162,1
2018-12-01,40.8494623655914,80,1
2018-12-02,39.344086021505376,84,0
2018-12-03,30.311827956989248,50,7
2018-12-04,50.344086021505376,130,1
2018-12-05,46.655913978494624,118,1
2018-12-06,39.365591397849464,114,3
2018-12-07,34.119565217391305,61,15
2018-12-08,30.602150537634408,45,13
2018-12-09,39.7710843373494,94,9
2018-12-10,49.79120879120879,135,3
2018-12-11,57.763440860215056,151,6
2018-12-12,74,145,11
2018-12-13,60.358695652173914,166,2
2018-12-14,56.784946236559136,162,1
2018-12-15,63.25806451612903,137,3
2018-12-16,68.41333333333333,206,3
2018-12-17,65.38571428571429,168,8
2018-12-18,80.4320987654321,151,1
2018-12-19,59.15384615384615,128,22
2018-12-20,70.56060606060606,182,3
2018-12-21,67.69736842105263,153,3
2018-12-22,63.608695652173914,153,13
2018-12-23,61.774193548387096,143,15
2018-12-24,45.46236559139785,86,25
2018-12-25,33.8494623655914,54,18
2018-12-26,34.75268817204301,112,3
2018-12-27,40.795698924731184,115,7
2018-12-28,48.26881720430107,115,2
2018-12-29,64.87142857142857,213,1
2018-12-30,63.32857142857143,159,5
2018-12-31,74.4,139,26
2019-01-01,51.888888888888886,112,16
2019-01-02,52.340425531914896,107,11
2019-01-03,46.87234042553192,98,7
2019-01-04,38.361702127659576,79,9
2019-01-05,39.02127659574468,67,16
2019-01-06,42.04255319148936,73,8
2019-01-07,39.787234042553195,78,7
2019-01-08,46.42553191489362,139,6
2019-01-09,58.234042553191486,128,6
2019-01-10,60.95744680851064,107,13
2019-01-11,64.85106382978724,127,5
2019-01-12,47.808510638297875,111,5
2019-01-13,47.02127659574468,89,12
2019-01-14,58.72727272727273,189,8
2019-01-15,63.77777777777778,178,3
2019-01-16,61.634408602150536,149,8
2019-01-17,78.97849462365592,236,4
2019-01-18,64.3076923076923,187,12
2019-01-19,83.0945945945946,194,10
2019-01-20,64.57692307692308,165,22
2019-01-21,66.56896551724138,149,2
2019-01-22,52.62352941176471,140,2
2019-01-23,52.989010989010985,134,3
2019-01-24,49.380434782608695,148,3
2019-01-25,34.41304347826087,70,6
2019-01-26,50.29347826086956,176,1
2019-01-27,48.10752688172043,108,2
2019-01-28,49.380434782608695,166,1
2019-01-29,60.38461538461539,194,1
2019-01-30,65.65555555555555,241,0
2019-01-31,73.82954545454545,238,1
2019-02-01,77.4875,326,1
2019-02-02,95.12820512820512,302,6
2019-02-03,65.8913043478261,102,25
2019-02-04,37.22826086956522,79,17
2019-02-05,25.01086956521739,47,2
2019-02-06,15.26086956521739,37,2
2019-02-07,50.40449438202247,183,1
2019-02-08,69.08695652173913,280,1
2019-02-09,69.7032967032967,193,5
2019-02-10,64.75824175824175,153,8
2019-02-11,56.08888888888889,121,4
2019-02-12,48.69230769230769,129,7
2019-02-13,37.380434782608695,69,19
2019-02-14,29.57608695652174,62,1
2019-02-15,20.48913043478261,35,1
2019-02-16,20.57608695652174,65,0
2019-02-17,30.565217391304348,81,2
2019-02-18,42.09782608695652,139,0
2019-02-19,36.91304347826087,99,3
2019-02-20,48.69565217391305,121,2
2019-02-21,30.16304347826087,124,0
2019-02-22,33.96341463414634,125,1
2019-02-23,49.64705882352941,125,1
2019-02-24,48.92537313432836,114,1
2019-02-25,55.95,112,6
2019-02-26,32.15384615384615,79,1
2019-02-27,39.053333333333335,111,1
2019-02-28,15.894736842105264,38,3
2019-03-01,20.5,38,3
2019-03-02,29.594202898550726,87,1
2019-03-03,36.289855072463766,135,1
2019-03-04,37.072463768115945,93,6
2019-03-05,47.34782608695652,217,1
2019-03-06,33.072463768115945,171,1
2019-03-07,24.17391304347826,118,1
2019-03-08,43,125,1
2019-03-09,77.02898550724638,221,1
2019-03-10,47,121,22
2019-03-11,27.666666666666668,47,10
2019-03-12,40.18840579710145,118,9
2019-03-13,39.333333333333336,125,1
2019-03-14,38.80263157894737,112,1
2019-03-15,41.880434782608695,152,1
2019-03-16,42.5875,80,16
2019-03-17,40.44927536231884,111,8
2019-03-18,38,112,1
2019-03-19,39.34782608695652,93,0
2019-03-20,39.91139240506329,90,13
2019-03-21,33.45054945054945,53,15
2019-03-22,25.967391304347824,41,5
2019-03-23,55.472527472527474,184,4
2019-03-24,48.05797101449275,139,5
2019-03-25,50.883720930232556,168,2
2019-03-26,42.37647058823529,116,1
2019-03-27,47.77173913043478,133,9
2019-03-28,29.692307692307693,43,4
2019-03-29,31.594202898550726,48,15
2019-03-30,40.85507246376812,84,3
2019-03-31,51.507246376811594,136,6
2019-04-01,47.3768115942029,97,2
2019-04-02,42.66153846153846,112,3
2019-04-03,50.71232876712329,170,1
2019-04-04,59.7032967032967,217,1
2019-04-05,45.71621621621622,119,2
2019-04-06,36.15942028985507,125,3
2019-04-07,27.73913043478261,58,3
2019-04-08,21.318840579710145,40,6
2019-04-09,30.051948051948052,54,8
2019-04-10,35.93478260869565,60,14
2019-04-11,49.61538461538461,145,9
2019-04-12,53.68478260869565,149,1
2019-04-13,62.175824175824175,182,3
2019-04-14,27.456521739130434,50,1
2019-04-15,35.81521739130435,97,1
2019-04-16,32.16304347826087,95,1
2019-04-17,32.43956043956044,88,1
2019-04-18,43.29347826086956,102,1
2019-04-19,59.619565217391305,256,1
2019-04-20,44.30434782608695,161,1
2019-04-21,60.55434782608695,184,1
2019-04-22,58.630434782608695,127,11
2019-04-23,48.130434782608695,94,17
2019-04-24,45.33695652173913,95,4
2019-04-25,53.31521739130435,149,2
2019-04-26,43.60227272727273,120,7
2019-04-27,36.75,99,1
2019-04-28,41.4,91,1
2019-04-29,27.597826086956523,58,1
2019-04-30,46.02173913043478,100,6
2019-05-01,55.619565217391305,149,4
2019-05-02,34.70652173913044,135,1
2019-05-03,34.78260869565217,120,1
2019-05-04,42.40217391304348,155,1
2019-05-05,45.43478260869565,105,1
2019-05-06,36.46153846153846,105,1
2019-05-07,35.82608695652174,58,11
2019-05-08,35.369565217391305,48,17
2019-05-09,30.01086956521739,65,2
2019-05-10,31.902173913043477,99,1
2019-05-11,34.28260869565217,124,0
2019-05-12,38.141304347826086,118,1
2019-05-13,38.03260869565217,86,8
2019-05-14,39.869565217391305,102,2
2019-05-15,41.68235294117647,72,20
2019-05-16,35.51086956521739,48,22
2019-05-17,23.58888888888889,46,3
2019-05-18,15.184782608695652,38,1
2019-05-19,30.152173913043477,68,2
2019-05-20,28.044444444444444,77,1
2019-05-21,33.869565217391305,110,1
2019-05-22,40.22826086956522,140,0
2019-05-23,43.880434782608695,126,0
2019-05-24,31.42391304347826,63,8
2019-05-25,36.65217391304348,60,17
2019-05-26,38.18478260869565,75,9
2019-05-27,34.369565217391305,110,0
2019-05-28,34.92391304347826,89,1
2019-05-29,34.03448275862069,83,1
2019-05-30,26.023809523809526,52,1
2019-05-31,30.13157894736842,81,1
2019-06-01,15.5,63,1
2019-06-02,14.283582089552239,35,1
2019-06-03,10,36,1
2019-06-04,44.56521739130435,73,7
2019-06-05,32.69565217391305,58,12
2019-06-06,25.108695652173914,59,1
2019-06-07,28.456521739130434,96,1
2019-06-08,27.614285714285714,97,1
2019-06-09,39.276595744680854,124,1
2019-06-10,30.210526315789473,76,1
2019-06-11,20.37142857142857,74,0
2019-06-12,20.556818181818183,78,0
2019-06-13,19.956521739130434,74,0
2019-06-14,24.66304347826087,81,1
2019-06-15,27.07608695652174,97,0
2019-06-16,38.108695652173914,116,0
2019-06-17,32.380434782608695,77,1
2019-06-18,26.83695652173913,71,0
2019-06-19,21.652173913043477,76,0
2019-06-20,31.42391304347826,73,0
2019-06-21,34.75,57,14
2019-06-22,34.78260869565217,80,2
2019-06-23,29.17391304347826,87,1
2019-06-24,28.66304347826087,84,0
2019-06-25,28.23076923076923,82,1
2019-06-26,34,90,1
2019-06-27,33.130434782608695,75,5
2019-06-28,42.141304347826086,95,7
2019-06-29,29.195402298850574,87,1
2019-06-30,28.410958904109588,76,2
2019-07-01,29.703703703703702,89,1
2019-07-02,28.315217391304348,88,1
2019-07-03,30.065217391304348,92,1
2019-07-04,15.26086956521739,33,2
2019-07-05,27.543478260869566,48,0
2019-07-06,32.53260869565217,115,0
2019-07-07,29.858695652173914,58,1
2019-07-08,28.047619047619047,53,0
2019-07-09,30.523255813953487,74,2
2019-07-10,20.272727272727273,77,1
2019-07-11,30.322580645161292,105,1
2019-07-12,31.044444444444444,110,0
2019-07-13,35.79775280898876,109,0
2019-07-14,35.655913978494624,103,0
2019-07-15,39,111,1
2019-07-16,27.301075268817204,51,0
2019-07-17,28.966666666666665,53,0
2019-07-18,31.244444444444444,64,4
2019-07-19,26.380434782608695,78,1
2019-07-20,27.876404494382022,80,1
2019-07-21,26.744444444444444,76,2
2019-07-22,23.59722222222222,71,2
2019-07-23,25.98780487804878,86,1
2019-07-24,30.741935483870968,100,1
2019-07-25,39.60215053763441,91,1
2019-07-26,40.68817204301075,87,1
2019-07-27,44.18279569892473,117,0
2019-07-28,48.666666666666664,86,18
2019-07-29,39.763440860215056,97,2
2019-07-30,32.06521739130435,87,1
2019-07-31,32.03225806451613,108,0
2019-08-01,28.78494623655914,98,1
2019-08-02,36.40659340659341,99,0
2019-08-03,38.87096774193548,60,21
2019-08-04,42.43010752688172,54,17
2019-08-05,32.69879518072289,51,7
2019-08-06,29.135802469135804,67,0
2019-08-07,19.369565217391305,63,0
2019-08-08,31,127,0
2019-08-09,30.706521739130434,122,0
2019-08-10,35.10752688172043,110,0
2019-08-11,37.903225806451616,82,1
2019-08-12,39.38709677419355,109,1
2019-08-13,28.182795698924732,62,0
2019-08-14,41.71910112359551,56,27
2019-08-15,34.03225806451613,80,4
2019-08-16,31.559139784946236,90,0
2019-08-17,35.17204301075269,98,1
NA,NaN,-Inf,Inf
